condition,training_seed,case_id,terrain_kind,quality_failure_reasons,source_csv,tail_bias_mps,tail_variance_m2ps2,tail_std_mps,tail_rmse_mps,tail_bias_share_of_mse,tail_failure_type
zero_residual,,tracking_v2_holdout_00_flat,flat,,/home/lyh/wheel-legged-control-lab/results/d1_terrain_tracking_v2/evaluation/zero_residual/tracking_v2_holdout_00_flat.csv,-0.03284472845600626,0.0001543271678694403,0.012422848621368623,0.03511557140668834,0.8748465266789186,bias_dominated_slow
zero_residual,,tracking_v2_holdout_01_flat,flat,,/home/lyh/wheel-legged-control-lab/results/d1_terrain_tracking_v2/evaluation/zero_residual/tracking_v2_holdout_01_flat.csv,-0.0532452401849722,0.000220904529026742,0.014862857364139037,0.05528073924417184,0.9277135435249173,bias_dominated_slow
zero_residual,,tracking_v2_holdout_02_flat,flat,,/home/lyh/wheel-legged-control-lab/results/d1_terrain_tracking_v2/evaluation/zero_residual/tracking_v2_holdout_02_flat.csv,-0.07633450734537656,0.0003033117470734289,0.017415847584123744,0.07829603284161193,0.9505222757744103,bias_dominated_slow
zero_residual,,tracking_v2_holdout_03_flat,flat,,/home/lyh/wheel-legged-control-lab/results/d1_terrain_tracking_v2/evaluation/zero_residual/tracking_v2_holdout_03_flat.csv,-0.047125158823068725,0.00019943383954038873,0.014122104642736107,0.04919567494851395,0.9175966241799264,bias_dominated_slow
zero_residual,,tracking_v2_holdout_04_bumps,bumps,tail_velocity,/home/lyh/wheel-legged-control-lab/results/d1_terrain_tracking_v2/evaluation/zero_residual/tracking_v2_holdout_04_bumps.csv,-0.09725686203737832,0.0005546553113524711,0.023551121233446,0.10006773968022917,0.9446095369267035,bias_dominated_slow
zero_residual,,tracking_v2_holdout_05_bumps,bumps,,/home/lyh/wheel-legged-control-lab/results/d1_terrain_tracking_v2/evaluation/zero_residual/tracking_v2_holdout_05_bumps.csv,0.036953687533451816,0.007686071255350916,0.08767024156092486,0.0951401402020772,0.1508648239700514,fluctuation_dominated
zero_residual,,tracking_v2_holdout_06_bumps,bumps,,/home/lyh/wheel-legged-control-lab/results/d1_terrain_tracking_v2/evaluation/zero_residual/tracking_v2_holdout_06_bumps.csv,-0.07338863840783709,0.0021574904763802145,0.04644879413268136,0.08685264949174823,0.7139889946732624,mixed
zero_residual,,tracking_v2_holdout_07_bumps,bumps,,/home/lyh/wheel-legged-control-lab/results/d1_terrain_tracking_v2/evaluation/zero_residual/tracking_v2_holdout_07_bumps.csv,-0.0461166532217824,0.0019532970380850426,0.04419612017004482,0.06387521226941774,0.5212557413293638,mixed
zero_residual,,tracking_v2_holdout_08_bumps,bumps,tail_velocity,/home/lyh/wheel-legged-control-lab/results/d1_terrain_tracking_v2/evaluation/zero_residual/tracking_v2_holdout_08_bumps.csv,-0.10369021421903969,0.0008096962968968891,0.028455162921636717,0.10752375003545601,0.9299652878649998,bias_dominated_slow
zero_residual,,tracking_v2_holdout_09_bumps,bumps,tail_velocity,/home/lyh/wheel-legged-control-lab/results/d1_terrain_tracking_v2/evaluation/zero_residual/tracking_v2_holdout_09_bumps.csv,-0.08825874996907662,0.00014724681927198626,0.01213453003918925,0.08908902157603917,0.9814477091773639,bias_dominated_slow
zero_residual,,tracking_v2_holdout_10_bumps,bumps,tail_velocity,/home/lyh/wheel-legged-control-lab/results/d1_terrain_tracking_v2/evaluation/zero_residual/tracking_v2_holdout_10_bumps.csv,-0.004375656294042087,0.010985296860231055,0.10481076690985071,0.10490206493789647,0.0017398761215347397,fluctuation_dominated
zero_residual,,tracking_v2_holdout_11_bumps,bumps,tail_velocity,/home/lyh/wheel-legged-control-lab/results/d1_terrain_tracking_v2/evaluation/zero_residual/tracking_v2_holdout_11_bumps.csv,0.031195409157619317,0.023285173288770757,0.15259480098866657,0.15575084860533517,0.040116268482919354,fluctuation_dominated
zero_residual,,tracking_v2_holdout_12_bumps,bumps,tail_velocity,/home/lyh/wheel-legged-control-lab/results/d1_terrain_tracking_v2/evaluation/zero_residual/tracking_v2_holdout_12_bumps.csv,-0.01669599338818295,0.011931756420184052,0.10923257948150841,0.1105011882985984,0.02282919677480425,fluctuation_dominated
zero_residual,,tracking_v2_holdout_13_bumps,bumps,progress|tail_velocity,/home/lyh/wheel-legged-control-lab/results/d1_terrain_tracking_v2/evaluation/zero_residual/tracking_v2_holdout_13_bumps.csv,-0.06830095065213827,0.0035385518975003384,0.05948572851953936,0.09057357096574124,0.5686571651828078,mixed
zero_residual,,tracking_v2_holdout_14_bumps,bumps,tail_velocity,/home/lyh/wheel-legged-control-lab/results/d1_terrain_tracking_v2/evaluation/zero_residual/tracking_v2_holdout_14_bumps.csv,-0.09010310437133054,0.00323006665059153,0.0568336753218682,0.10652997732066978,0.7153784268652501,mixed
zero_residual,,tracking_v2_holdout_15_bumps,bumps,tail_velocity,/home/lyh/wheel-legged-control-lab/results/d1_terrain_tracking_v2/evaluation/zero_residual/tracking_v2_holdout_15_bumps.csv,-0.10570941891468105,0.00010545984870960533,0.01026936457185182,0.1062070670717779,0.9906506738100697,bias_dominated_slow
zero_residual,,tracking_v2_holdout_16_ramp,ramp,,/home/lyh/wheel-legged-control-lab/results/d1_terrain_tracking_v2/evaluation/zero_residual/tracking_v2_holdout_16_ramp.csv,0.018911126472278935,0.00032171006962398925,0.017936278031520064,0.026064166475729053,0.5264378616722037,mixed
zero_residual,,tracking_v2_holdout_17_ramp,ramp,,/home/lyh/wheel-legged-control-lab/results/d1_terrain_tracking_v2/evaluation/zero_residual/tracking_v2_holdout_17_ramp.csv,0.0190341711826035,0.0003331584930580816,0.018252629757327617,0.026371540828452465,0.520951065778798,mixed
zero_residual,,tracking_v2_holdout_18_ramp,ramp,,/home/lyh/wheel-legged-control-lab/results/d1_terrain_tracking_v2/evaluation/zero_residual/tracking_v2_holdout_18_ramp.csv,0.02127059647472481,0.0002905151780366022,0.01704450580206426,0.0272571724950916,0.608972571447768,mixed
zero_residual,,tracking_v2_holdout_19_ramp,ramp,,/home/lyh/wheel-legged-control-lab/results/d1_terrain_tracking_v2/evaluation/zero_residual/tracking_v2_holdout_19_ramp.csv,0.01740885167626672,0.0002539614548087576,0.015936168134427973,0.02360147392632528,0.5440790439057837,mixed
zero_residual,,tracking_v2_holdout_20_ramp,ramp,,/home/lyh/wheel-legged-control-lab/results/d1_terrain_tracking_v2/evaluation/zero_residual/tracking_v2_holdout_20_ramp.csv,-0.02916411289379168,0.0002106371575435608,0.014513344119931864,0.03257579835438245,0.8015071582247991,bias_dominated_slow
zero_residual,,tracking_v2_holdout_21_ramp,ramp,,/home/lyh/wheel-legged-control-lab/results/d1_terrain_tracking_v2/evaluation/zero_residual/tracking_v2_holdout_21_ramp.csv,-0.04016977895616827,0.00022870509251773192,0.015122998793815066,0.042922211428410253,0.8758600242950979,bias_dominated_slow
zero_residual,,tracking_v2_holdout_22_ramp,ramp,,/home/lyh/wheel-legged-control-lab/results/d1_terrain_tracking_v2/evaluation/zero_residual/tracking_v2_holdout_22_ramp.csv,-0.02437603079097985,0.00022194582326668484,0.014897846262687933,0.028568106349379944,0.7280531274224449,mixed
zero_residual,,tracking_v2_holdout_23_ramp,ramp,,/home/lyh/wheel-legged-control-lab/results/d1_terrain_tracking_v2/evaluation/zero_residual/tracking_v2_holdout_23_ramp.csv,-0.03504914641666889,0.00024295207571668713,0.015586920020218463,0.038358763539167694,0.834883142456535,bias_dominated_slow
flat_rl,0,tracking_v2_holdout_00_flat,flat,,/home/lyh/wheel-legged-control-lab/results/d1_terrain_tracking_v2/evaluation/flat_rl_seed_0/tracking_v2_holdout_00_flat.csv,-0.032771041663118776,7.306355026689203e-05,0.00854772193434555,0.033867458156064185,0.9363005671480563,bias_dominated_slow
flat_rl,0,tracking_v2_holdout_01_flat,flat,,/home/lyh/wheel-legged-control-lab/results/d1_terrain_tracking_v2/evaluation/flat_rl_seed_0/tracking_v2_holdout_01_flat.csv,-0.060646298888600444,0.00020081266088611897,0.0141708383974315,0.06227990229417174,0.9482279638550886,bias_dominated_slow
flat_rl,0,tracking_v2_holdout_02_flat,flat,,/home/lyh/wheel-legged-control-lab/results/d1_terrain_tracking_v2/evaluation/flat_rl_seed_0/tracking_v2_holdout_02_flat.csv,-0.0729908364900873,0.00023007971426695955,0.015168378761982427,0.07455026442467941,0.958601943498074,bias_dominated_slow
flat_rl,0,tracking_v2_holdout_03_flat,flat,,/home/lyh/wheel-legged-control-lab/results/d1_terrain_tracking_v2/evaluation/flat_rl_seed_0/tracking_v2_holdout_03_flat.csv,-0.04868525628113904,0.00017623119745974403,0.013275209883830238,0.0504627127354439,0.9307943414567479,bias_dominated_slow
flat_rl,0,tracking_v2_holdout_04_bumps,bumps,tail_velocity,/home/lyh/wheel-legged-control-lab/results/d1_terrain_tracking_v2/evaluation/flat_rl_seed_0/tracking_v2_holdout_04_bumps.csv,-0.10701866171574707,0.0005534792540736485,0.023526139803921264,0.10957405354144362,0.953901595879499,bias_dominated_slow
flat_rl,0,tracking_v2_holdout_05_bumps,bumps,,/home/lyh/wheel-legged-control-lab/results/d1_terrain_tracking_v2/evaluation/flat_rl_seed_0/tracking_v2_holdout_05_bumps.csv,0.04695252627181922,0.00750924651421627,0.08665590870919461,0.09855854218444053,0.2269495816976329,mixed
flat_rl,0,tracking_v2_holdout_06_bumps,bumps,tail_velocity,/home/lyh/wheel-legged-control-lab/results/d1_terrain_tracking_v2/evaluation/flat_rl_seed_0/tracking_v2_holdout_06_bumps.csv,-0.0905244199411958,0.0014133102258199635,0.037594018484593573,0.09802030826063511,0.8529024723712052,bias_dominated_slow
flat_rl,0,tracking_v2_holdout_07_bumps,bumps,,/home/lyh/wheel-legged-control-lab/results/d1_terrain_tracking_v2/evaluation/flat_rl_seed_0/tracking_v2_holdout_07_bumps.csv,-0.04070813681080969,0.002066633305547734,0.04546023873175034,0.0610228294014243,0.44501819720139296,mixed
flat_rl,0,tracking_v2_holdout_08_bumps,bumps,tail_velocity,/home/lyh/wheel-legged-control-lab/results/d1_terrain_tracking_v2/evaluation/flat_rl_seed_0/tracking_v2_holdout_08_bumps.csv,-0.10858632892704316,0.0007520415514596358,0.02742337600405238,0.11199568019040576,0.9400430829964107,bias_dominated_slow
flat_rl,0,tracking_v2_holdout_09_bumps,bumps,tail_velocity,/home/lyh/wheel-legged-control-lab/results/d1_terrain_tracking_v2/evaluation/flat_rl_seed_0/tracking_v2_holdout_09_bumps.csv,-0.0878896113454093,0.00015866000121055827,0.012596031169005508,0.0887876330558353,0.9798737669968463,bias_dominated_slow
flat_rl,0,tracking_v2_holdout_10_bumps,bumps,tail_velocity,/home/lyh/wheel-legged-control-lab/results/d1_terrain_tracking_v2/evaluation/flat_rl_seed_0/tracking_v2_holdout_10_bumps.csv,0.17211709984457696,0.025303724144661914,0.1590714435235373,0.2343672763070177,0.5393293978031031,mixed
flat_rl,0,tracking_v2_holdout_11_bumps,bumps,tail_velocity,/home/lyh/wheel-legged-control-lab/results/d1_terrain_tracking_v2/evaluation/flat_rl_seed_0/tracking_v2_holdout_11_bumps.csv,0.05043243908243121,0.022616797939449627,0.15038882252165428,0.1586197618559956,0.10108933932357672,fluctuation_dominated
flat_rl,0,tracking_v2_holdout_12_bumps,bumps,tail_velocity,/home/lyh/wheel-legged-control-lab/results/d1_terrain_tracking_v2/evaluation/flat_rl_seed_0/tracking_v2_holdout_12_bumps.csv,-0.048771808472174535,0.008659447593757837,0.09305615290649961,0.10506253802095356,0.2154973546882567,mixed
flat_rl,0,tracking_v2_holdout_13_bumps,bumps,progress|tail_velocity,/home/lyh/wheel-legged-control-lab/results/d1_terrain_tracking_v2/evaluation/flat_rl_seed_0/tracking_v2_holdout_13_bumps.csv,-0.07059580630870413,0.0025069938112891343,0.050069889267793814,0.08654918647604497,0.6653219100409048,mixed
flat_rl,0,tracking_v2_holdout_14_bumps,bumps,tail_velocity,/home/lyh/wheel-legged-control-lab/results/d1_terrain_tracking_v2/evaluation/flat_rl_seed_0/tracking_v2_holdout_14_bumps.csv,-0.0905907111049296,0.003633077908882358,0.06027501894551637,0.10881063756535558,0.6931458500860287,mixed
flat_rl,0,tracking_v2_holdout_15_bumps,bumps,tail_velocity,/home/lyh/wheel-legged-control-lab/results/d1_terrain_tracking_v2/evaluation/flat_rl_seed_0/tracking_v2_holdout_15_bumps.csv,-0.10374066080385717,0.000134865833363506,0.011613174990652038,0.10438865138215193,0.9876235706637704,bias_dominated_slow
flat_rl,0,tracking_v2_holdout_16_ramp,ramp,,/home/lyh/wheel-legged-control-lab/results/d1_terrain_tracking_v2/evaluation/flat_rl_seed_0/tracking_v2_holdout_16_ramp.csv,0.011735298058413503,0.0002860040374225416,0.016911653893766324,0.020584490713698635,0.3250184359136934,mixed
flat_rl,0,tracking_v2_holdout_17_ramp,ramp,,/home/lyh/wheel-legged-control-lab/results/d1_terrain_tracking_v2/evaluation/flat_rl_seed_0/tracking_v2_holdout_17_ramp.csv,0.003017603771389718,0.00035805351952186796,0.018922302172882346,0.019161405273177994,0.02480102982624472,fluctuation_dominated
flat_rl,0,tracking_v2_holdout_18_ramp,ramp,,/home/lyh/wheel-legged-control-lab/results/d1_terrain_tracking_v2/evaluation/flat_rl_seed_0/tracking_v2_holdout_18_ramp.csv,0.009736026102153638,0.00027461913186443325,0.016571636366527996,0.019220024352904715,0.2565993736266081,mixed
flat_rl,0,tracking_v2_holdout_19_ramp,ramp,,/home/lyh/wheel-legged-control-lab/results/d1_terrain_tracking_v2/evaluation/flat_rl_seed_0/tracking_v2_holdout_19_ramp.csv,0.0037116854995683547,0.00031153089161584644,0.017650237721227622,0.01803628290040807,0.04234949766339531,fluctuation_dominated
flat_rl,0,tracking_v2_holdout_20_ramp,ramp,,/home/lyh/wheel-legged-control-lab/results/d1_terrain_tracking_v2/evaluation/flat_rl_seed_0/tracking_v2_holdout_20_ramp.csv,-0.03563063529334954,0.00023837695088096917,0.015439460835177152,0.03883193431041847,0.8419166204887892,bias_dominated_slow
flat_rl,0,tracking_v2_holdout_21_ramp,ramp,,/home/lyh/wheel-legged-control-lab/results/d1_terrain_tracking_v2/evaluation/flat_rl_seed_0/tracking_v2_holdout_21_ramp.csv,-0.03789961164489077,0.00019120476317360409,0.013827681048303222,0.04034334301972439,0.8825224336209301,bias_dominated_slow
flat_rl,0,tracking_v2_holdout_22_ramp,ramp,,/home/lyh/wheel-legged-control-lab/results/d1_terrain_tracking_v2/evaluation/flat_rl_seed_0/tracking_v2_holdout_22_ramp.csv,-0.025636966428602585,0.00021449428187200287,0.014645623300904706,0.029525384494250007,0.7539493055446002,mixed
flat_rl,0,tracking_v2_holdout_23_ramp,ramp,,/home/lyh/wheel-legged-control-lab/results/d1_terrain_tracking_v2/evaluation/flat_rl_seed_0/tracking_v2_holdout_23_ramp.csv,-0.029624353041968917,0.0002459437016768628,0.015682592313672597,0.03351933762519892,0.7811004597870324,mixed
mixed_rl,0,tracking_v2_holdout_00_flat,flat,,/home/lyh/wheel-legged-control-lab/results/d1_terrain_tracking_v2/evaluation/mixed_rl_seed_0/tracking_v2_holdout_00_flat.csv,-0.03564934473876059,0.00012181234200310474,0.011036862869633958,0.03731873687983158,0.9125343714417555,bias_dominated_slow
mixed_rl,0,tracking_v2_holdout_01_flat,flat,,/home/lyh/wheel-legged-control-lab/results/d1_terrain_tracking_v2/evaluation/mixed_rl_seed_0/tracking_v2_holdout_01_flat.csv,-0.058639471288340815,0.00018807206089267858,0.013713936739415076,0.06022175399196561,0.9481417946974845,bias_dominated_slow
mixed_rl,0,tracking_v2_holdout_02_flat,flat,,/home/lyh/wheel-legged-control-lab/results/d1_terrain_tracking_v2/evaluation/mixed_rl_seed_0/tracking_v2_holdout_02_flat.csv,-0.07273295970145208,0.00023728164686553094,0.015403949067220748,0.07434625124240349,0.9570714719043405,bias_dominated_slow
mixed_rl,0,tracking_v2_holdout_03_flat,flat,,/home/lyh/wheel-legged-control-lab/results/d1_terrain_tracking_v2/evaluation/mixed_rl_seed_0/tracking_v2_holdout_03_flat.csv,-0.0521402289798387,0.0001794181065405335,0.013394704421544116,0.05383327581162553,0.93808945126796,bias_dominated_slow
mixed_rl,0,tracking_v2_holdout_04_bumps,bumps,tail_velocity,/home/lyh/wheel-legged-control-lab/results/d1_terrain_tracking_v2/evaluation/mixed_rl_seed_0/tracking_v2_holdout_04_bumps.csv,-0.09940377113199916,0.0005636880256495659,0.023742115020561373,0.10219979325278715,0.9460316954303871,bias_dominated_slow
mixed_rl,0,tracking_v2_holdout_05_bumps,bumps,,/home/lyh/wheel-legged-control-lab/results/d1_terrain_tracking_v2/evaluation/mixed_rl_seed_0/tracking_v2_holdout_05_bumps.csv,0.043535191488540674,0.007546372851232854,0.08686986158175258,0.09716833717408546,0.2007388244317664,mixed
mixed_rl,0,tracking_v2_holdout_06_bumps,bumps,tail_velocity,/home/lyh/wheel-legged-control-lab/results/d1_terrain_tracking_v2/evaluation/mixed_rl_seed_0/tracking_v2_holdout_06_bumps.csv,-0.08924524164672976,0.001253274325208871,0.035401614726010326,0.0960103509096392,0.8640403528769792,bias_dominated_slow
mixed_rl,0,tracking_v2_holdout_07_bumps,bumps,,/home/lyh/wheel-legged-control-lab/results/d1_terrain_tracking_v2/evaluation/mixed_rl_seed_0/tracking_v2_holdout_07_bumps.csv,-0.04328826093590685,0.0019671142526140138,0.04435216175807008,0.0619757032027001,0.48786240377240425,mixed
mixed_rl,0,tracking_v2_holdout_08_bumps,bumps,tail_velocity,/home/lyh/wheel-legged-control-lab/results/d1_terrain_tracking_v2/evaluation/mixed_rl_seed_0/tracking_v2_holdout_08_bumps.csv,-0.11590183351249282,0.0006127269374261321,0.024753321745295764,0.11851566119709128,0.9563770043197036,bias_dominated_slow
mixed_rl,0,tracking_v2_holdout_09_bumps,bumps,tail_velocity,/home/lyh/wheel-legged-control-lab/results/d1_terrain_tracking_v2/evaluation/mixed_rl_seed_0/tracking_v2_holdout_09_bumps.csv,-0.08831395154206957,0.00013705457144723237,0.01170703085531222,0.0890865231582322,0.9827309078691103,bias_dominated_slow
mixed_rl,0,tracking_v2_holdout_10_bumps,bumps,tail_velocity,/home/lyh/wheel-legged-control-lab/results/d1_terrain_tracking_v2/evaluation/mixed_rl_seed_0/tracking_v2_holdout_10_bumps.csv,-0.0681851569055073,0.0013756349223958944,0.037089552739226914,0.07761991074862523,0.7716731872090575,mixed
mixed_rl,0,tracking_v2_holdout_11_bumps,bumps,tail_velocity,/home/lyh/wheel-legged-control-lab/results/d1_terrain_tracking_v2/evaluation/mixed_rl_seed_0/tracking_v2_holdout_11_bumps.csv,0.06895044711427352,0.024411489563259104,0.15624176638549342,0.17077954713758123,0.1630055750786683,fluctuation_dominated
mixed_rl,0,tracking_v2_holdout_12_bumps,bumps,tail_velocity,/home/lyh/wheel-legged-control-lab/results/d1_terrain_tracking_v2/evaluation/mixed_rl_seed_0/tracking_v2_holdout_12_bumps.csv,-0.039951525495387614,0.009011186151466767,0.0949272676919902,0.10299179841557954,0.15047399463397682,fluctuation_dominated
mixed_rl,0,tracking_v2_holdout_13_bumps,bumps,progress|tail_velocity,/home/lyh/wheel-legged-control-lab/results/d1_terrain_tracking_v2/evaluation/mixed_rl_seed_0/tracking_v2_holdout_13_bumps.csv,-0.07642546842933896,0.002021312725740427,0.044959011618811495,0.08866884994395896,0.7429063446905142,mixed
mixed_rl,0,tracking_v2_holdout_14_bumps,bumps,tail_velocity,/home/lyh/wheel-legged-control-lab/results/d1_terrain_tracking_v2/evaluation/mixed_rl_seed_0/tracking_v2_holdout_14_bumps.csv,-0.09771450791186491,0.0030756484445918753,0.055458529051822816,0.11235556728996467,0.7563606124320829,mixed
mixed_rl,0,tracking_v2_holdout_15_bumps,bumps,tail_velocity,/home/lyh/wheel-legged-control-lab/results/d1_terrain_tracking_v2/evaluation/mixed_rl_seed_0/tracking_v2_holdout_15_bumps.csv,-0.10258180472090297,8.07858432845723e-05,0.008988094530242342,0.10297481489705164,0.9923814342000958,bias_dominated_slow
mixed_rl,0,tracking_v2_holdout_16_ramp,ramp,,/home/lyh/wheel-legged-control-lab/results/d1_terrain_tracking_v2/evaluation/mixed_rl_seed_0/tracking_v2_holdout_16_ramp.csv,0.008877637307090095,0.0002877064105497869,0.01696191058076262,0.01914468215212843,0.21502971305378343,mixed
mixed_rl,0,tracking_v2_holdout_17_ramp,ramp,,/home/lyh/wheel-legged-control-lab/results/d1_terrain_tracking_v2/evaluation/mixed_rl_seed_0/tracking_v2_holdout_17_ramp.csv,0.007039571275429799,0.0003458375367395332,0.018596707685489204,0.019884493970966158,0.1253323937153244,fluctuation_dominated
mixed_rl,0,tracking_v2_holdout_18_ramp,ramp,,/home/lyh/wheel-legged-control-lab/results/d1_terrain_tracking_v2/evaluation/mixed_rl_seed_0/tracking_v2_holdout_18_ramp.csv,0.007125838310283818,0.00024000589349714094,0.015492123595464275,0.017052374178437718,0.17462331155281005,fluctuation_dominated
mixed_rl,0,tracking_v2_holdout_19_ramp,ramp,,/home/lyh/wheel-legged-control-lab/results/d1_terrain_tracking_v2/evaluation/mixed_rl_seed_0/tracking_v2_holdout_19_ramp.csv,0.0028362475148194133,0.00025375001074331614,0.015929532659287784,0.016180059045276547,0.030727558377967278,fluctuation_dominated
mixed_rl,0,tracking_v2_holdout_20_ramp,ramp,,/home/lyh/wheel-legged-control-lab/results/d1_terrain_tracking_v2/evaluation/mixed_rl_seed_0/tracking_v2_holdout_20_ramp.csv,-0.03021565423463367,0.00021053308949147353,0.01450975842291916,0.033518932714488525,0.8126127661927455,bias_dominated_slow
mixed_rl,0,tracking_v2_holdout_21_ramp,ramp,,/home/lyh/wheel-legged-control-lab/results/d1_terrain_tracking_v2/evaluation/mixed_rl_seed_0/tracking_v2_holdout_21_ramp.csv,-0.038306247764706064,0.0001984747202541801,0.014088105630430945,0.04081474412593111,0.8808563112034916,bias_dominated_slow
mixed_rl,0,tracking_v2_holdout_22_ramp,ramp,,/home/lyh/wheel-legged-control-lab/results/d1_terrain_tracking_v2/evaluation/mixed_rl_seed_0/tracking_v2_holdout_22_ramp.csv,-0.026505133202580043,0.00022321802043345678,0.014940482603766746,0.030425977494896818,0.7588761480016508,mixed
mixed_rl,0,tracking_v2_holdout_23_ramp,ramp,,/home/lyh/wheel-legged-control-lab/results/d1_terrain_tracking_v2/evaluation/mixed_rl_seed_0/tracking_v2_holdout_23_ramp.csv,-0.03850265190651861,0.0002485866868927838,0.01576663207196717,0.04160577953514781,0.8563946766223784,bias_dominated_slow
curriculum_rl,0,tracking_v2_holdout_00_flat,flat,,/home/lyh/wheel-legged-control-lab/results/d1_terrain_tracking_v2/evaluation/curriculum_rl_seed_0/tracking_v2_holdout_00_flat.csv,-0.03705089813303488,0.0001335529849737219,0.011556512664888224,0.038811364797417904,0.9113383581635365,bias_dominated_slow
curriculum_rl,0,tracking_v2_holdout_01_flat,flat,,/home/lyh/wheel-legged-control-lab/results/d1_terrain_tracking_v2/evaluation/curriculum_rl_seed_0/tracking_v2_holdout_01_flat.csv,-0.05850549270961687,0.00018230907937456315,0.013502187947683262,0.06004333232399411,0.9494316568989936,bias_dominated_slow
curriculum_rl,0,tracking_v2_holdout_02_flat,flat,,/home/lyh/wheel-legged-control-lab/results/d1_terrain_tracking_v2/evaluation/curriculum_rl_seed_0/tracking_v2_holdout_02_flat.csv,-0.07741178812608664,0.00023576082718420276,0.01535450511036428,0.07891986928563889,0.9621471196424044,bias_dominated_slow
curriculum_rl,0,tracking_v2_holdout_03_flat,flat,,/home/lyh/wheel-legged-control-lab/results/d1_terrain_tracking_v2/evaluation/curriculum_rl_seed_0/tracking_v2_holdout_03_flat.csv,-0.05373347833585238,0.00019717834631250529,0.014042020734655866,0.05553796035489619,0.9360737295670296,bias_dominated_slow
curriculum_rl,0,tracking_v2_holdout_04_bumps,bumps,tail_velocity,/home/lyh/wheel-legged-control-lab/results/d1_terrain_tracking_v2/evaluation/curriculum_rl_seed_0/tracking_v2_holdout_04_bumps.csv,-0.09503409135722674,0.0005987321587238269,0.024469004040292012,0.09813363683680301,0.9378277195907266,bias_dominated_slow
curriculum_rl,0,tracking_v2_holdout_05_bumps,bumps,tail_velocity,/home/lyh/wheel-legged-control-lab/results/d1_terrain_tracking_v2/evaluation/curriculum_rl_seed_0/tracking_v2_holdout_05_bumps.csv,0.05222858587708835,0.007783242465352549,0.08822268679513535,0.1025234980288565,0.25951932515822984,mixed
curriculum_rl,0,tracking_v2_holdout_06_bumps,bumps,tail_velocity,/home/lyh/wheel-legged-control-lab/results/d1_terrain_tracking_v2/evaluation/curriculum_rl_seed_0/tracking_v2_holdout_06_bumps.csv,-0.08531114019296245,0.0017614477508552731,0.04196960508338473,0.09507596116726123,0.8051374792887757,bias_dominated_slow
curriculum_rl,0,tracking_v2_holdout_07_bumps,bumps,,/home/lyh/wheel-legged-control-lab/results/d1_terrain_tracking_v2/evaluation/curriculum_rl_seed_0/tracking_v2_holdout_07_bumps.csv,-0.04570526296106094,0.0019213758912292433,0.043833501927512515,0.06332730022327632,0.5208953455961379,mixed
curriculum_rl,0,tracking_v2_holdout_08_bumps,bumps,tail_velocity,/home/lyh/wheel-legged-control-lab/results/d1_terrain_tracking_v2/evaluation/curriculum_rl_seed_0/tracking_v2_holdout_08_bumps.csv,-0.11109912212850247,0.0008469280745360021,0.029102028701380976,0.11484747716976595,0.935789860975988,bias_dominated_slow
curriculum_rl,0,tracking_v2_holdout_09_bumps,bumps,tail_velocity,/home/lyh/wheel-legged-control-lab/results/d1_terrain_tracking_v2/evaluation/curriculum_rl_seed_0/tracking_v2_holdout_09_bumps.csv,-0.08843629960546401,0.00011942858550480346,0.010928338643398797,0.0891089651685631,0.9849593886841987,bias_dominated_slow
curriculum_rl,0,tracking_v2_holdout_10_bumps,bumps,tail_velocity,/home/lyh/wheel-legged-control-lab/results/d1_terrain_tracking_v2/evaluation/curriculum_rl_seed_0/tracking_v2_holdout_10_bumps.csv,-0.022445570436533325,0.0069862479268157475,0.08358377789269726,0.08654508396805174,0.06726303927955131,fluctuation_dominated
curriculum_rl,0,tracking_v2_holdout_11_bumps,bumps,tail_velocity,/home/lyh/wheel-legged-control-lab/results/d1_terrain_tracking_v2/evaluation/curriculum_rl_seed_0/tracking_v2_holdout_11_bumps.csv,0.052688691481777516,0.019803001514969026,0.14072313780956217,0.15026343442444992,0.12294990694356076,fluctuation_dominated
curriculum_rl,0,tracking_v2_holdout_12_bumps,bumps,tail_velocity,/home/lyh/wheel-legged-control-lab/results/d1_terrain_tracking_v2/evaluation/curriculum_rl_seed_0/tracking_v2_holdout_12_bumps.csv,-0.04253487217014301,0.00871320059673147,0.09334452633513907,0.10257882796787005,0.17193915918151828,fluctuation_dominated
curriculum_rl,0,tracking_v2_holdout_13_bumps,bumps,progress|tail_velocity,/home/lyh/wheel-legged-control-lab/results/d1_terrain_tracking_v2/evaluation/curriculum_rl_seed_0/tracking_v2_holdout_13_bumps.csv,-0.07711232537768842,0.002198176534307494,0.0468847153591391,0.0902468130155408,0.7301025264968364,mixed
curriculum_rl,0,tracking_v2_holdout_14_bumps,bumps,tail_velocity,/home/lyh/wheel-legged-control-lab/results/d1_terrain_tracking_v2/evaluation/curriculum_rl_seed_0/tracking_v2_holdout_14_bumps.csv,-0.10984172966060606,0.0028084662135944433,0.05299496403993915,0.12195766391837827,0.8111786885213199,bias_dominated_slow
curriculum_rl,0,tracking_v2_holdout_15_bumps,bumps,tail_velocity,/home/lyh/wheel-legged-control-lab/results/d1_terrain_tracking_v2/evaluation/curriculum_rl_seed_0/tracking_v2_holdout_15_bumps.csv,-0.09819077446168403,9.061354546210888e-05,0.009519114741513986,0.09865111116884294,0.9906891536297415,bias_dominated_slow
curriculum_rl,0,tracking_v2_holdout_16_ramp,ramp,,/home/lyh/wheel-legged-control-lab/results/d1_terrain_tracking_v2/evaluation/curriculum_rl_seed_0/tracking_v2_holdout_16_ramp.csv,0.01093238504424433,0.00029753696777803836,0.017249259919719408,0.020421900267449535,0.2865744957174373,mixed
curriculum_rl,0,tracking_v2_holdout_17_ramp,ramp,,/home/lyh/wheel-legged-control-lab/results/d1_terrain_tracking_v2/evaluation/curriculum_rl_seed_0/tracking_v2_holdout_17_ramp.csv,0.0026103598044964356,0.00036378620475677176,0.019073180247582512,0.01925097875604517,0.018386332819815804,fluctuation_dominated
curriculum_rl,0,tracking_v2_holdout_18_ramp,ramp,,/home/lyh/wheel-legged-control-lab/results/d1_terrain_tracking_v2/evaluation/curriculum_rl_seed_0/tracking_v2_holdout_18_ramp.csv,0.006066964760164146,0.0002300561214423269,0.015167601044408008,0.01633597817222466,0.1379280689108926,fluctuation_dominated
curriculum_rl,0,tracking_v2_holdout_19_ramp,ramp,,/home/lyh/wheel-legged-control-lab/results/d1_terrain_tracking_v2/evaluation/curriculum_rl_seed_0/tracking_v2_holdout_19_ramp.csv,0.005692586786404454,0.00030126658161264673,0.017357032626939627,0.01826669444462772,0.09711792445981927,fluctuation_dominated
curriculum_rl,0,tracking_v2_holdout_20_ramp,ramp,,/home/lyh/wheel-legged-control-lab/results/d1_terrain_tracking_v2/evaluation/curriculum_rl_seed_0/tracking_v2_holdout_20_ramp.csv,-0.028124652322434517,0.00015581704172533693,0.012482669655379692,0.030770328402263732,0.8354299913230938,bias_dominated_slow
curriculum_rl,0,tracking_v2_holdout_21_ramp,ramp,,/home/lyh/wheel-legged-control-lab/results/d1_terrain_tracking_v2/evaluation/curriculum_rl_seed_0/tracking_v2_holdout_21_ramp.csv,-0.041071068863456725,0.00022100590477140556,0.014866267344945925,0.04367881182402069,0.8841590140286354,bias_dominated_slow
curriculum_rl,0,tracking_v2_holdout_22_ramp,ramp,,/home/lyh/wheel-legged-control-lab/results/d1_terrain_tracking_v2/evaluation/curriculum_rl_seed_0/tracking_v2_holdout_22_ramp.csv,-0.025263476326472557,0.0002200066635754952,0.014832621601574524,0.029295902438288782,0.7436566393318178,mixed
curriculum_rl,0,tracking_v2_holdout_23_ramp,ramp,,/home/lyh/wheel-legged-control-lab/results/d1_terrain_tracking_v2/evaluation/curriculum_rl_seed_0/tracking_v2_holdout_23_ramp.csv,-0.03317934527651517,0.00023619084055968162,0.015368501571710939,0.03656582822168658,0.8233505773629503,bias_dominated_slow
flat_rl,1000,tracking_v2_holdout_00_flat,flat,,/home/lyh/wheel-legged-control-lab/results/d1_terrain_tracking_v2/evaluation/flat_rl_seed_1000/tracking_v2_holdout_00_flat.csv,-0.034110528116265464,0.0001251458130222621,0.011186858943522176,0.03589810498331074,0.9028879152417679,bias_dominated_slow
flat_rl,1000,tracking_v2_holdout_01_flat,flat,,/home/lyh/wheel-legged-control-lab/results/d1_terrain_tracking_v2/evaluation/flat_rl_seed_1000/tracking_v2_holdout_01_flat.csv,-0.05684435508740876,0.00020224259112690772,0.014221202168836069,0.05859627374185428,0.9410976499454162,bias_dominated_slow
flat_rl,1000,tracking_v2_holdout_02_flat,flat,,/home/lyh/wheel-legged-control-lab/results/d1_terrain_tracking_v2/evaluation/flat_rl_seed_1000/tracking_v2_holdout_02_flat.csv,-0.07152794240689482,0.00030512214860948557,0.01746774595102315,0.07362994427251421,0.9437186131666023,bias_dominated_slow
flat_rl,1000,tracking_v2_holdout_03_flat,flat,,/home/lyh/wheel-legged-control-lab/results/d1_terrain_tracking_v2/evaluation/flat_rl_seed_1000/tracking_v2_holdout_03_flat.csv,-0.05265872719855089,0.00016653147898778103,0.012904707628915156,0.054216907226059874,0.9433464851230784,bias_dominated_slow
flat_rl,1000,tracking_v2_holdout_04_bumps,bumps,tail_velocity,/home/lyh/wheel-legged-control-lab/results/d1_terrain_tracking_v2/evaluation/flat_rl_seed_1000/tracking_v2_holdout_04_bumps.csv,-0.10313818360372608,0.0005391601107825778,0.023219821506260074,0.10571965298778883,0.951760111425326,bias_dominated_slow
flat_rl,1000,tracking_v2_holdout_05_bumps,bumps,,/home/lyh/wheel-legged-control-lab/results/d1_terrain_tracking_v2/evaluation/flat_rl_seed_1000/tracking_v2_holdout_05_bumps.csv,0.051341879717772806,0.006989273638353794,0.08360187580643029,0.09810842089906475,0.27386148492692003,mixed
flat_rl,1000,tracking_v2_holdout_06_bumps,bumps,tail_velocity,/home/lyh/wheel-legged-control-lab/results/d1_terrain_tracking_v2/evaluation/flat_rl_seed_1000/tracking_v2_holdout_06_bumps.csv,-0.08469977809802832,0.001967325954324351,0.04435454829354427,0.09561055571525347,0.78478891519978,mixed
flat_rl,1000,tracking_v2_holdout_07_bumps,bumps,,/home/lyh/wheel-legged-control-lab/results/d1_terrain_tracking_v2/evaluation/flat_rl_seed_1000/tracking_v2_holdout_07_bumps.csv,-0.04207951333617964,0.0019617847271628493,0.04429203909465954,0.06109394544283884,0.4744004270816754,mixed
flat_rl,1000,tracking_v2_holdout_08_bumps,bumps,tail_velocity,/home/lyh/wheel-legged-control-lab/results/d1_terrain_tracking_v2/evaluation/flat_rl_seed_1000/tracking_v2_holdout_08_bumps.csv,-0.10491884683900228,0.0008131484234621971,0.02851575745902951,0.10872494123009782,0.931212193463447,bias_dominated_slow
flat_rl,1000,tracking_v2_holdout_09_bumps,bumps,tail_velocity,/home/lyh/wheel-legged-control-lab/results/d1_terrain_tracking_v2/evaluation/flat_rl_seed_1000/tracking_v2_holdout_09_bumps.csv,-0.09109174068272846,9.394641419481873e-05,0.009692595843984145,0.0916059585114651,0.988804776665755,bias_dominated_slow
flat_rl,1000,tracking_v2_holdout_10_bumps,bumps,tail_velocity,/home/lyh/wheel-legged-control-lab/results/d1_terrain_tracking_v2/evaluation/flat_rl_seed_1000/tracking_v2_holdout_10_bumps.csv,-0.025612867119241177,0.005255762396232586,0.07249663713740512,0.07688810934273578,0.11096806906547993,fluctuation_dominated
flat_rl,1000,tracking_v2_holdout_11_bumps,bumps,tail_velocity,/home/lyh/wheel-legged-control-lab/results/d1_terrain_tracking_v2/evaluation/flat_rl_seed_1000/tracking_v2_holdout_11_bumps.csv,0.07254640254350812,0.023479609987793713,0.15323057784852773,0.16953639877559756,0.18310738276045632,fluctuation_dominated
flat_rl,1000,tracking_v2_holdout_12_bumps,bumps,tail_velocity,/home/lyh/wheel-legged-control-lab/results/d1_terrain_tracking_v2/evaluation/flat_rl_seed_1000/tracking_v2_holdout_12_bumps.csv,-0.007922946732676793,0.013680677033056043,0.1169644263571452,0.11723246187803477,0.004567491014988159,fluctuation_dominated
flat_rl,1000,tracking_v2_holdout_13_bumps,bumps,progress|tail_velocity,/home/lyh/wheel-legged-control-lab/results/d1_terrain_tracking_v2/evaluation/flat_rl_seed_1000/tracking_v2_holdout_13_bumps.csv,-0.07287750960843599,0.002519587982685352,0.05019549763360607,0.08849135206003483,0.6782431016374074,mixed
flat_rl,1000,tracking_v2_holdout_14_bumps,bumps,tail_velocity,/home/lyh/wheel-legged-control-lab/results/d1_terrain_tracking_v2/evaluation/flat_rl_seed_1000/tracking_v2_holdout_14_bumps.csv,-0.10311997466797643,0.0033619588943628593,0.057982401591886994,0.11830337302835857,0.759786094290253,mixed
flat_rl,1000,tracking_v2_holdout_15_bumps,bumps,tail_velocity,/home/lyh/wheel-legged-control-lab/results/d1_terrain_tracking_v2/evaluation/flat_rl_seed_1000/tracking_v2_holdout_15_bumps.csv,-0.10225090041738209,9.819053358366687e-05,0.009909113662869493,0.10272992343883576,0.9906958716857551,bias_dominated_slow
flat_rl,1000,tracking_v2_holdout_16_ramp,ramp,,/home/lyh/wheel-legged-control-lab/results/d1_terrain_tracking_v2/evaluation/flat_rl_seed_1000/tracking_v2_holdout_16_ramp.csv,0.009039894985066304,0.0002712931862486246,0.016470980124103866,0.018788637193518098,0.23149211888269458,mixed
flat_rl,1000,tracking_v2_holdout_17_ramp,ramp,,/home/lyh/wheel-legged-control-lab/results/d1_terrain_tracking_v2/evaluation/flat_rl_seed_1000/tracking_v2_holdout_17_ramp.csv,0.007135142770473676,0.0004189079445120069,0.020467240764499912,0.02167529023720443,0.10836162075227851,fluctuation_dominated
flat_rl,1000,tracking_v2_holdout_18_ramp,ramp,,/home/lyh/wheel-legged-control-lab/results/d1_terrain_tracking_v2/evaluation/flat_rl_seed_1000/tracking_v2_holdout_18_ramp.csv,0.008403325191047906,0.00022907426197545588,0.015135199436263002,0.017311560768514093,0.23562962449150565,mixed
flat_rl,1000,tracking_v2_holdout_19_ramp,ramp,,/home/lyh/wheel-legged-control-lab/results/d1_terrain_tracking_v2/evaluation/flat_rl_seed_1000/tracking_v2_holdout_19_ramp.csv,0.0025199548694287764,0.0002909099479813703,0.01705608243358862,0.017241233149787406,0.021362342626839958,fluctuation_dominated
flat_rl,1000,tracking_v2_holdout_20_ramp,ramp,,/home/lyh/wheel-legged-control-lab/results/d1_terrain_tracking_v2/evaluation/flat_rl_seed_1000/tracking_v2_holdout_20_ramp.csv,-0.02612218258002086,0.00017188107755724082,0.013110342389016422,0.02922754694293015,0.7987928848695379,mixed
flat_rl,1000,tracking_v2_holdout_21_ramp,ramp,,/home/lyh/wheel-legged-control-lab/results/d1_terrain_tracking_v2/evaluation/flat_rl_seed_1000/tracking_v2_holdout_21_ramp.csv,-0.052936485898210844,0.0002736540717081212,0.016542492910928547,0.055461027857042065,0.911033585879618,bias_dominated_slow
flat_rl,1000,tracking_v2_holdout_22_ramp,ramp,,/home/lyh/wheel-legged-control-lab/results/d1_terrain_tracking_v2/evaluation/flat_rl_seed_1000/tracking_v2_holdout_22_ramp.csv,-0.02242549262900111,0.00018621305108592378,0.01364599029333979,0.02625101466113847,0.7297797278878871,mixed
flat_rl,1000,tracking_v2_holdout_23_ramp,ramp,,/home/lyh/wheel-legged-control-lab/results/d1_terrain_tracking_v2/evaluation/flat_rl_seed_1000/tracking_v2_holdout_23_ramp.csv,-0.03672854038218509,0.0002660796655765699,0.016311948552413042,0.04018787558682806,0.8352514549736234,bias_dominated_slow
mixed_rl,1000,tracking_v2_holdout_00_flat,flat,,/home/lyh/wheel-legged-control-lab/results/d1_terrain_tracking_v2/evaluation/mixed_rl_seed_1000/tracking_v2_holdout_00_flat.csv,-0.03514337625629486,0.00012487829271919714,0.011174895646904142,0.03687729907966019,0.9081733498219401,bias_dominated_slow
mixed_rl,1000,tracking_v2_holdout_01_flat,flat,,/home/lyh/wheel-legged-control-lab/results/d1_terrain_tracking_v2/evaluation/mixed_rl_seed_1000/tracking_v2_holdout_01_flat.csv,-0.05809314859025295,0.00021647389763790496,0.014713051948453962,0.05992735444492033,0.9397224870173619,bias_dominated_slow
mixed_rl,1000,tracking_v2_holdout_02_flat,flat,,/home/lyh/wheel-legged-control-lab/results/d1_terrain_tracking_v2/evaluation/mixed_rl_seed_1000/tracking_v2_holdout_02_flat.csv,-0.07401576459373177,0.0002311384937402815,0.015203239580440791,0.07556104751877782,0.9595166597362796,bias_dominated_slow
mixed_rl,1000,tracking_v2_holdout_03_flat,flat,,/home/lyh/wheel-legged-control-lab/results/d1_terrain_tracking_v2/evaluation/mixed_rl_seed_1000/tracking_v2_holdout_03_flat.csv,-0.053079509463993244,0.00017152127900189998,0.01309661326457722,0.054671341706053346,0.942614979367442,bias_dominated_slow
mixed_rl,1000,tracking_v2_holdout_04_bumps,bumps,tail_velocity,/home/lyh/wheel-legged-control-lab/results/d1_terrain_tracking_v2/evaluation/mixed_rl_seed_1000/tracking_v2_holdout_04_bumps.csv,-0.10345389514151922,0.00046634812552991296,0.021595094941442444,0.10568375724529463,0.9582464173557667,bias_dominated_slow
mixed_rl,1000,tracking_v2_holdout_05_bumps,bumps,,/home/lyh/wheel-legged-control-lab/results/d1_terrain_tracking_v2/evaluation/mixed_rl_seed_1000/tracking_v2_holdout_05_bumps.csv,0.0398146042555611,0.007286014112986281,0.08535815200076839,0.09418713725882756,0.17869056109161,fluctuation_dominated
mixed_rl,1000,tracking_v2_holdout_06_bumps,bumps,tail_velocity,/home/lyh/wheel-legged-control-lab/results/d1_terrain_tracking_v2/evaluation/mixed_rl_seed_1000/tracking_v2_holdout_06_bumps.csv,-0.08323714629199232,0.0015677915336858536,0.03959534737422887,0.09217491012482945,0.8154717473858063,bias_dominated_slow
mixed_rl,1000,tracking_v2_holdout_07_bumps,bumps,,/home/lyh/wheel-legged-control-lab/results/d1_terrain_tracking_v2/evaluation/mixed_rl_seed_1000/tracking_v2_holdout_07_bumps.csv,-0.030737841927843366,0.002428774576212162,0.04928259912192296,0.05808260929566825,0.2800622084147509,mixed
mixed_rl,1000,tracking_v2_holdout_08_bumps,bumps,tail_velocity,/home/lyh/wheel-legged-control-lab/results/d1_terrain_tracking_v2/evaluation/mixed_rl_seed_1000/tracking_v2_holdout_08_bumps.csv,-0.11207727830390776,0.0009001598180741144,0.03000266351632992,0.11602360160797333,0.9331306753155915,bias_dominated_slow
mixed_rl,1000,tracking_v2_holdout_09_bumps,bumps,tail_velocity,/home/lyh/wheel-legged-control-lab/results/d1_terrain_tracking_v2/evaluation/mixed_rl_seed_1000/tracking_v2_holdout_09_bumps.csv,-0.08767031411263386,0.0001379073131856706,0.011743394449036897,0.08845332831382637,0.9823737900417181,bias_dominated_slow
mixed_rl,1000,tracking_v2_holdout_10_bumps,bumps,tail_velocity,/home/lyh/wheel-legged-control-lab/results/d1_terrain_tracking_v2/evaluation/mixed_rl_seed_1000/tracking_v2_holdout_10_bumps.csv,-0.07042516226718673,0.0010057608070129496,0.031713732152065445,0.0772364181417842,0.8314027611996763,bias_dominated_slow
mixed_rl,1000,tracking_v2_holdout_11_bumps,bumps,tail_velocity,/home/lyh/wheel-legged-control-lab/results/d1_terrain_tracking_v2/evaluation/mixed_rl_seed_1000/tracking_v2_holdout_11_bumps.csv,0.06518781061400936,0.024572483958038835,0.15675612893293467,0.16977024065096563,0.14743807832636996,fluctuation_dominated
mixed_rl,1000,tracking_v2_holdout_12_bumps,bumps,tail_velocity,/home/lyh/wheel-legged-control-lab/results/d1_terrain_tracking_v2/evaluation/mixed_rl_seed_1000/tracking_v2_holdout_12_bumps.csv,-0.04845581562663176,0.007899733402493487,0.08888044443235806,0.10123092151381226,0.22912128471302728,mixed
mixed_rl,1000,tracking_v2_holdout_13_bumps,bumps,progress|tail_velocity,/home/lyh/wheel-legged-control-lab/results/d1_terrain_tracking_v2/evaluation/mixed_rl_seed_1000/tracking_v2_holdout_13_bumps.csv,-0.07217789287738334,0.0019323243941602188,0.04395821190813178,0.08451019236979194,0.7294410804278659,mixed
mixed_rl,1000,tracking_v2_holdout_14_bumps,bumps,tail_velocity,/home/lyh/wheel-legged-control-lab/results/d1_terrain_tracking_v2/evaluation/mixed_rl_seed_1000/tracking_v2_holdout_14_bumps.csv,-0.09348904439186988,0.003016670900265338,0.05492422871798327,0.10842911196523909,0.7434121237558524,mixed
mixed_rl,1000,tracking_v2_holdout_15_bumps,bumps,tail_velocity,/home/lyh/wheel-legged-control-lab/results/d1_terrain_tracking_v2/evaluation/mixed_rl_seed_1000/tracking_v2_holdout_15_bumps.csv,-0.10304936812455118,0.00010310927214274397,0.010154273590106974,0.10354845022023274,0.9903836444016944,bias_dominated_slow
mixed_rl,1000,tracking_v2_holdout_16_ramp,ramp,,/home/lyh/wheel-legged-control-lab/results/d1_terrain_tracking_v2/evaluation/mixed_rl_seed_1000/tracking_v2_holdout_16_ramp.csv,0.009847725838214009,0.00027324771195235667,0.01653020604688147,0.01924124258297744,0.2619423193483448,mixed
mixed_rl,1000,tracking_v2_holdout_17_ramp,ramp,,/home/lyh/wheel-legged-control-lab/results/d1_terrain_tracking_v2/evaluation/mixed_rl_seed_1000/tracking_v2_holdout_17_ramp.csv,0.004148081594759736,0.00032463379054714663,0.018017596691766263,0.018488925643853165,0.05033513403667714,fluctuation_dominated
mixed_rl,1000,tracking_v2_holdout_18_ramp,ramp,,/home/lyh/wheel-legged-control-lab/results/d1_terrain_tracking_v2/evaluation/mixed_rl_seed_1000/tracking_v2_holdout_18_ramp.csv,0.004384334064057619,0.00025025173136776426,0.015819346742762933,0.01641566680196148,0.07133295557710422,fluctuation_dominated
mixed_rl,1000,tracking_v2_holdout_19_ramp,ramp,,/home/lyh/wheel-legged-control-lab/results/d1_terrain_tracking_v2/evaluation/mixed_rl_seed_1000/tracking_v2_holdout_19_ramp.csv,0.00625563293226658,0.0003405987968680717,0.018455318931627048,0.01948670675746238,0.10305418071546393,fluctuation_dominated
mixed_rl,1000,tracking_v2_holdout_20_ramp,ramp,,/home/lyh/wheel-legged-control-lab/results/d1_terrain_tracking_v2/evaluation/mixed_rl_seed_1000/tracking_v2_holdout_20_ramp.csv,-0.030772292913661473,0.0001868293537334954,0.01366855346163212,0.03367140277591173,0.835213096914313,bias_dominated_slow
mixed_rl,1000,tracking_v2_holdout_21_ramp,ramp,,/home/lyh/wheel-legged-control-lab/results/d1_terrain_tracking_v2/evaluation/mixed_rl_seed_1000/tracking_v2_holdout_21_ramp.csv,-0.035223052104947146,0.00017935538500184916,0.01339236293571262,0.037683136607634865,0.873695061679289,bias_dominated_slow
mixed_rl,1000,tracking_v2_holdout_22_ramp,ramp,,/home/lyh/wheel-legged-control-lab/results/d1_terrain_tracking_v2/evaluation/mixed_rl_seed_1000/tracking_v2_holdout_22_ramp.csv,-0.023734380672860947,0.0002511607574768316,0.015848052166649113,0.02853912373218748,0.6916311398619523,mixed
mixed_rl,1000,tracking_v2_holdout_23_ramp,ramp,,/home/lyh/wheel-legged-control-lab/results/d1_terrain_tracking_v2/evaluation/mixed_rl_seed_1000/tracking_v2_holdout_23_ramp.csv,-0.03812485402546335,0.00025250549931178493,0.015890421621586538,0.041303873834964616,0.8519906095314846,bias_dominated_slow
curriculum_rl,1000,tracking_v2_holdout_00_flat,flat,,/home/lyh/wheel-legged-control-lab/results/d1_terrain_tracking_v2/evaluation/curriculum_rl_seed_1000/tracking_v2_holdout_00_flat.csv,-0.037060508404455156,0.00014233425774968532,0.011930392187589029,0.038933475839518575,0.906100541982291,bias_dominated_slow
curriculum_rl,1000,tracking_v2_holdout_01_flat,flat,,/home/lyh/wheel-legged-control-lab/results/d1_terrain_tracking_v2/evaluation/curriculum_rl_seed_1000/tracking_v2_holdout_01_flat.csv,-0.060049315972444166,0.0002122772021944482,0.014569735831319942,0.06179156537063037,0.9444038189848318,bias_dominated_slow
curriculum_rl,1000,tracking_v2_holdout_02_flat,flat,,/home/lyh/wheel-legged-control-lab/results/d1_terrain_tracking_v2/evaluation/curriculum_rl_seed_1000/tracking_v2_holdout_02_flat.csv,-0.06872372999474714,0.00017523988165557035,0.013237820124762625,0.0699870769931598,0.9642235503707726,bias_dominated_slow
curriculum_rl,1000,tracking_v2_holdout_03_flat,flat,,/home/lyh/wheel-legged-control-lab/results/d1_terrain_tracking_v2/evaluation/curriculum_rl_seed_1000/tracking_v2_holdout_03_flat.csv,-0.05120448115195362,0.00017224275006281372,0.013124128544890656,0.052859640938088,0.9383557556314754,bias_dominated_slow
curriculum_rl,1000,tracking_v2_holdout_04_bumps,bumps,tail_velocity,/home/lyh/wheel-legged-control-lab/results/d1_terrain_tracking_v2/evaluation/curriculum_rl_seed_1000/tracking_v2_holdout_04_bumps.csv,-0.10606933082490641,0.0005075800851578207,0.022529538059130744,0.10843561696601935,0.9568321255747231,bias_dominated_slow
curriculum_rl,1000,tracking_v2_holdout_05_bumps,bumps,,/home/lyh/wheel-legged-control-lab/results/d1_terrain_tracking_v2/evaluation/curriculum_rl_seed_1000/tracking_v2_holdout_05_bumps.csv,0.05110409263322649,0.007010169912313841,0.08372675744535818,0.09809076509121148,0.27142829548248665,mixed
curriculum_rl,1000,tracking_v2_holdout_06_bumps,bumps,tail_velocity,/home/lyh/wheel-legged-control-lab/results/d1_terrain_tracking_v2/evaluation/curriculum_rl_seed_1000/tracking_v2_holdout_06_bumps.csv,-0.08049437360665009,0.0016679430830710312,0.04084045889887908,0.0902623247285267,0.7952762645113929,mixed
curriculum_rl,1000,tracking_v2_holdout_07_bumps,bumps,,/home/lyh/wheel-legged-control-lab/results/d1_terrain_tracking_v2/evaluation/curriculum_rl_seed_1000/tracking_v2_holdout_07_bumps.csv,-0.05135655985678418,0.001566618965362762,0.03958053770936876,0.064839148711918,0.6273606005744438,mixed
curriculum_rl,1000,tracking_v2_holdout_08_bumps,bumps,tail_velocity,/home/lyh/wheel-legged-control-lab/results/d1_terrain_tracking_v2/evaluation/curriculum_rl_seed_1000/tracking_v2_holdout_08_bumps.csv,-0.10344967692122267,0.0007630007213942284,0.027622467691975468,0.10707397618702491,0.9334486165927135,bias_dominated_slow
curriculum_rl,1000,tracking_v2_holdout_09_bumps,bumps,tail_velocity,/home/lyh/wheel-legged-control-lab/results/d1_terrain_tracking_v2/evaluation/curriculum_rl_seed_1000/tracking_v2_holdout_09_bumps.csv,-0.08736502522055922,0.00012992341093404045,0.011398395103436293,0.08810545410315407,0.9832628377609716,bias_dominated_slow
curriculum_rl,1000,tracking_v2_holdout_10_bumps,bumps,tail_velocity,/home/lyh/wheel-legged-control-lab/results/d1_terrain_tracking_v2/evaluation/curriculum_rl_seed_1000/tracking_v2_holdout_10_bumps.csv,-0.0491398811324213,0.0020553839752043214,0.04533634276388339,0.06685889539106084,0.5401940657317661,mixed
curriculum_rl,1000,tracking_v2_holdout_11_bumps,bumps,tail_velocity,/home/lyh/wheel-legged-control-lab/results/d1_terrain_tracking_v2/evaluation/curriculum_rl_seed_1000/tracking_v2_holdout_11_bumps.csv,0.05846470046196812,0.022941137573223563,0.15146332088404627,0.1623553472274049,0.1296744050923736,fluctuation_dominated
curriculum_rl,1000,tracking_v2_holdout_12_bumps,bumps,tail_velocity,/home/lyh/wheel-legged-control-lab/results/d1_terrain_tracking_v2/evaluation/curriculum_rl_seed_1000/tracking_v2_holdout_12_bumps.csv,-0.04171955958120823,0.007821338939851931,0.08843833410830357,0.09778476666384142,0.182027507616757,fluctuation_dominated
curriculum_rl,1000,tracking_v2_holdout_13_bumps,bumps,progress|tail_velocity,/home/lyh/wheel-legged-control-lab/results/d1_terrain_tracking_v2/evaluation/curriculum_rl_seed_1000/tracking_v2_holdout_13_bumps.csv,-0.07302384539100325,0.0022401557835955185,0.047330284000790854,0.08702090426607084,0.7041776130209767,mixed
curriculum_rl,1000,tracking_v2_holdout_14_bumps,bumps,tail_velocity,/home/lyh/wheel-legged-control-lab/results/d1_terrain_tracking_v2/evaluation/curriculum_rl_seed_1000/tracking_v2_holdout_14_bumps.csv,-0.09188922060900907,0.0037558006099404047,0.06128458705041917,0.11045102749214938,0.6921330937710722,mixed
curriculum_rl,1000,tracking_v2_holdout_15_bumps,bumps,tail_velocity,/home/lyh/wheel-legged-control-lab/results/d1_terrain_tracking_v2/evaluation/curriculum_rl_seed_1000/tracking_v2_holdout_15_bumps.csv,-0.09974685999670804,8.893409689417629e-05,0.009430487627592557,0.10019166719890955,0.9911405840456113,bias_dominated_slow
curriculum_rl,1000,tracking_v2_holdout_16_ramp,ramp,,/home/lyh/wheel-legged-control-lab/results/d1_terrain_tracking_v2/evaluation/curriculum_rl_seed_1000/tracking_v2_holdout_16_ramp.csv,0.010261055750769476,0.0002980739025757358,0.01726481689957168,0.020083903198734432,0.26102845661832147,mixed
curriculum_rl,1000,tracking_v2_holdout_17_ramp,ramp,,/home/lyh/wheel-legged-control-lab/results/d1_terrain_tracking_v2/evaluation/curriculum_rl_seed_1000/tracking_v2_holdout_17_ramp.csv,0.00383940468422003,0.00038376940471957757,0.019590033300624518,0.019962726092615415,0.036990319717441406,fluctuation_dominated
curriculum_rl,1000,tracking_v2_holdout_18_ramp,ramp,,/home/lyh/wheel-legged-control-lab/results/d1_terrain_tracking_v2/evaluation/curriculum_rl_seed_1000/tracking_v2_holdout_18_ramp.csv,0.010901761678099958,0.00031383738152219917,0.01771545600661183,0.02080110067300017,0.27467601351907833,mixed
curriculum_rl,1000,tracking_v2_holdout_19_ramp,ramp,,/home/lyh/wheel-legged-control-lab/results/d1_terrain_tracking_v2/evaluation/curriculum_rl_seed_1000/tracking_v2_holdout_19_ramp.csv,0.004235200155711815,0.0002693975612924204,0.016413334862008404,0.01695094338529162,0.06242522740693963,fluctuation_dominated
curriculum_rl,1000,tracking_v2_holdout_20_ramp,ramp,,/home/lyh/wheel-legged-control-lab/results/d1_terrain_tracking_v2/evaluation/curriculum_rl_seed_1000/tracking_v2_holdout_20_ramp.csv,-0.033500870336876674,0.00020544210793227522,0.014333251826863128,0.036438309802466116,0.8452705383160498,bias_dominated_slow
curriculum_rl,1000,tracking_v2_holdout_21_ramp,ramp,,/home/lyh/wheel-legged-control-lab/results/d1_terrain_tracking_v2/evaluation/curriculum_rl_seed_1000/tracking_v2_holdout_21_ramp.csv,-0.03789482682752726,0.00022168083762539846,0.014888950185469709,0.040714846652218625,0.8662719391917991,bias_dominated_slow
curriculum_rl,1000,tracking_v2_holdout_22_ramp,ramp,,/home/lyh/wheel-legged-control-lab/results/d1_terrain_tracking_v2/evaluation/curriculum_rl_seed_1000/tracking_v2_holdout_22_ramp.csv,-0.020322977027757313,0.00023164873284054347,0.015220010934310904,0.02539039440637532,0.6406720211106254,mixed
curriculum_rl,1000,tracking_v2_holdout_23_ramp,ramp,,/home/lyh/wheel-legged-control-lab/results/d1_terrain_tracking_v2/evaluation/curriculum_rl_seed_1000/tracking_v2_holdout_23_ramp.csv,-0.03188304809388862,0.0002684074613458961,0.016383145648681027,0.03584600698966498,0.7911122297175025,mixed
flat_rl,2000,tracking_v2_holdout_00_flat,flat,,/home/lyh/wheel-legged-control-lab/results/d1_terrain_tracking_v2/evaluation/flat_rl_seed_2000/tracking_v2_holdout_00_flat.csv,-0.036662358772264786,0.00014755161359238377,0.01214708251360728,0.038622275494054524,0.9010836122113329,bias_dominated_slow
flat_rl,2000,tracking_v2_holdout_01_flat,flat,,/home/lyh/wheel-legged-control-lab/results/d1_terrain_tracking_v2/evaluation/flat_rl_seed_2000/tracking_v2_holdout_01_flat.csv,-0.055074224853663284,0.00020474523595596556,0.01430892155111508,0.056902684288070535,0.9367663432625105,bias_dominated_slow
flat_rl,2000,tracking_v2_holdout_02_flat,flat,,/home/lyh/wheel-legged-control-lab/results/d1_terrain_tracking_v2/evaluation/flat_rl_seed_2000/tracking_v2_holdout_02_flat.csv,-0.07465311153872568,0.0002295736296705246,0.015151687353906316,0.07617519735507053,0.9604364890775514,bias_dominated_slow
flat_rl,2000,tracking_v2_holdout_03_flat,flat,,/home/lyh/wheel-legged-control-lab/results/d1_terrain_tracking_v2/evaluation/flat_rl_seed_2000/tracking_v2_holdout_03_flat.csv,-0.05415394064439407,0.00022306032385002592,0.014935204178384235,0.05617570303224145,0.9293153200596407,bias_dominated_slow
flat_rl,2000,tracking_v2_holdout_04_bumps,bumps,tail_velocity,/home/lyh/wheel-legged-control-lab/results/d1_terrain_tracking_v2/evaluation/flat_rl_seed_2000/tracking_v2_holdout_04_bumps.csv,-0.10217786410794712,0.00047813153279965224,0.021866218987279265,0.10449137498598514,0.9562088350798815,bias_dominated_slow
flat_rl,2000,tracking_v2_holdout_05_bumps,bumps,tail_velocity,/home/lyh/wheel-legged-control-lab/results/d1_terrain_tracking_v2/evaluation/flat_rl_seed_2000/tracking_v2_holdout_05_bumps.csv,0.04977139627750347,0.009262679710804257,0.09624281641143019,0.10835068803757798,0.21100672751724195,mixed
flat_rl,2000,tracking_v2_holdout_06_bumps,bumps,tail_velocity,/home/lyh/wheel-legged-control-lab/results/d1_terrain_tracking_v2/evaluation/flat_rl_seed_2000/tracking_v2_holdout_06_bumps.csv,-0.08303593474707452,0.0017231420503027147,0.0415107462026728,0.09283376815374421,0.8000556562523407,bias_dominated_slow
flat_rl,2000,tracking_v2_holdout_07_bumps,bumps,,/home/lyh/wheel-legged-control-lab/results/d1_terrain_tracking_v2/evaluation/flat_rl_seed_2000/tracking_v2_holdout_07_bumps.csv,-0.0466725785131211,0.0015165087680079376,0.038942377534094366,0.060785182018904836,0.5895601855633773,mixed
flat_rl,2000,tracking_v2_holdout_08_bumps,bumps,tail_velocity,/home/lyh/wheel-legged-control-lab/results/d1_terrain_tracking_v2/evaluation/flat_rl_seed_2000/tracking_v2_holdout_08_bumps.csv,-0.10332102982520215,0.0010010481653746075,0.031639345210901684,0.10805685248754436,0.9142665406709638,bias_dominated_slow
flat_rl,2000,tracking_v2_holdout_09_bumps,bumps,tail_velocity,/home/lyh/wheel-legged-control-lab/results/d1_terrain_tracking_v2/evaluation/flat_rl_seed_2000/tracking_v2_holdout_09_bumps.csv,-0.08961442577860304,0.00011143880443813446,0.010556457949432397,0.09023405184334174,0.986313401551191,bias_dominated_slow
flat_rl,2000,tracking_v2_holdout_10_bumps,bumps,tail_velocity,/home/lyh/wheel-legged-control-lab/results/d1_terrain_tracking_v2/evaluation/flat_rl_seed_2000/tracking_v2_holdout_10_bumps.csv,0.16176512025098005,0.028028761497645393,0.1674179246605494,0.2328018806355727,0.48283284008737465,mixed
flat_rl,2000,tracking_v2_holdout_11_bumps,bumps,tail_velocity,/home/lyh/wheel-legged-control-lab/results/d1_terrain_tracking_v2/evaluation/flat_rl_seed_2000/tracking_v2_holdout_11_bumps.csv,0.05495363285632763,0.02262454520966787,0.15041457778309877,0.16013883655683253,0.11776045578975484,fluctuation_dominated
flat_rl,2000,tracking_v2_holdout_12_bumps,bumps,tail_velocity,/home/lyh/wheel-legged-control-lab/results/d1_terrain_tracking_v2/evaluation/flat_rl_seed_2000/tracking_v2_holdout_12_bumps.csv,-0.05202887893935754,0.00893003908269903,0.09449888402885523,0.10787512839568421,0.23261958968121846,mixed
flat_rl,2000,tracking_v2_holdout_13_bumps,bumps,progress|tail_velocity,/home/lyh/wheel-legged-control-lab/results/d1_terrain_tracking_v2/evaluation/flat_rl_seed_2000/tracking_v2_holdout_13_bumps.csv,-0.07054348811128447,0.0026953441288669003,0.05191670375579425,0.08758840016676771,0.6486653093338851,mixed
flat_rl,2000,tracking_v2_holdout_14_bumps,bumps,tail_velocity,/home/lyh/wheel-legged-control-lab/results/d1_terrain_tracking_v2/evaluation/flat_rl_seed_2000/tracking_v2_holdout_14_bumps.csv,-0.08549462971393887,0.0034720740112148007,0.05892430747335772,0.10383354814865144,0.6779572069709467,mixed
flat_rl,2000,tracking_v2_holdout_15_bumps,bumps,tail_velocity,/home/lyh/wheel-legged-control-lab/results/d1_terrain_tracking_v2/evaluation/flat_rl_seed_2000/tracking_v2_holdout_15_bumps.csv,-0.09779128170234276,0.00011577207786192416,0.01075974339201099,0.09838143551935438,0.9880387238354374,bias_dominated_slow
flat_rl,2000,tracking_v2_holdout_16_ramp,ramp,,/home/lyh/wheel-legged-control-lab/results/d1_terrain_tracking_v2/evaluation/flat_rl_seed_2000/tracking_v2_holdout_16_ramp.csv,0.009628460009010346,0.00028829252688122777,0.016979179216947672,0.01951921537937269,0.24332624238074663,mixed
flat_rl,2000,tracking_v2_holdout_17_ramp,ramp,,/home/lyh/wheel-legged-control-lab/results/d1_terrain_tracking_v2/evaluation/flat_rl_seed_2000/tracking_v2_holdout_17_ramp.csv,0.0016796691555692666,0.0003381239766927776,0.0183881477232694,0.018464703224394058,0.008274901459053383,fluctuation_dominated
flat_rl,2000,tracking_v2_holdout_18_ramp,ramp,,/home/lyh/wheel-legged-control-lab/results/d1_terrain_tracking_v2/evaluation/flat_rl_seed_2000/tracking_v2_holdout_18_ramp.csv,0.00972499561981582,0.0003052619286058858,0.017471746581435004,0.019995936297441105,0.2365349605208702,mixed
flat_rl,2000,tracking_v2_holdout_19_ramp,ramp,,/home/lyh/wheel-legged-control-lab/results/d1_terrain_tracking_v2/evaluation/flat_rl_seed_2000/tracking_v2_holdout_19_ramp.csv,0.005076594391788796,0.0003228976668696359,0.017969353546236324,0.018672693364600014,0.07391473094917103,fluctuation_dominated
flat_rl,2000,tracking_v2_holdout_20_ramp,ramp,,/home/lyh/wheel-legged-control-lab/results/d1_terrain_tracking_v2/evaluation/flat_rl_seed_2000/tracking_v2_holdout_20_ramp.csv,-0.029588765082771497,0.00018417668354414734,0.013571171045423727,0.03255259901555612,0.8261945816987406,bias_dominated_slow
flat_rl,2000,tracking_v2_holdout_21_ramp,ramp,,/home/lyh/wheel-legged-control-lab/results/d1_terrain_tracking_v2/evaluation/flat_rl_seed_2000/tracking_v2_holdout_21_ramp.csv,-0.04091391766165895,0.00021992542820280573,0.014829882946362245,0.043518663658570836,0.8838753696691636,bias_dominated_slow
flat_rl,2000,tracking_v2_holdout_22_ramp,ramp,,/home/lyh/wheel-legged-control-lab/results/d1_terrain_tracking_v2/evaluation/flat_rl_seed_2000/tracking_v2_holdout_22_ramp.csv,-0.03082125522543421,0.0002580616109797282,0.016064296155752614,0.03475645817184316,0.7863748518775215,mixed
flat_rl,2000,tracking_v2_holdout_23_ramp,ramp,,/home/lyh/wheel-legged-control-lab/results/d1_terrain_tracking_v2/evaluation/flat_rl_seed_2000/tracking_v2_holdout_23_ramp.csv,-0.03497184172055922,0.00026583523479675037,0.016304454446461874,0.03858581278299832,0.8214510757798407,bias_dominated_slow
mixed_rl,2000,tracking_v2_holdout_00_flat,flat,,/home/lyh/wheel-legged-control-lab/results/d1_terrain_tracking_v2/evaluation/mixed_rl_seed_2000/tracking_v2_holdout_00_flat.csv,-0.03432616722659527,9.999532155015566e-05,0.009999766074771732,0.0357530569045269,0.9217736042020007,bias_dominated_slow
mixed_rl,2000,tracking_v2_holdout_01_flat,flat,,/home/lyh/wheel-legged-control-lab/results/d1_terrain_tracking_v2/evaluation/mixed_rl_seed_2000/tracking_v2_holdout_01_flat.csv,-0.05755195811808668,0.00017865940398029134,0.013366353428676474,0.05908373115508443,0.9488212052462829,bias_dominated_slow
mixed_rl,2000,tracking_v2_holdout_02_flat,flat,,/home/lyh/wheel-legged-control-lab/results/d1_terrain_tracking_v2/evaluation/mixed_rl_seed_2000/tracking_v2_holdout_02_flat.csv,-0.07172507195587736,0.00021106751591849508,0.014528162854211647,0.07318164703663262,0.9605890376453292,bias_dominated_slow
mixed_rl,2000,tracking_v2_holdout_03_flat,flat,,/home/lyh/wheel-legged-control-lab/results/d1_terrain_tracking_v2/evaluation/mixed_rl_seed_2000/tracking_v2_holdout_03_flat.csv,-0.05398504837780296,0.0001724468746481687,0.013131902933245003,0.05555926856071717,0.9441346802794693,bias_dominated_slow
mixed_rl,2000,tracking_v2_holdout_04_bumps,bumps,tail_velocity,/home/lyh/wheel-legged-control-lab/results/d1_terrain_tracking_v2/evaluation/mixed_rl_seed_2000/tracking_v2_holdout_04_bumps.csv,-0.10451905180587556,0.0003798298916476376,0.019489225014033718,0.1063205628373314,0.9663988140819856,bias_dominated_slow
mixed_rl,2000,tracking_v2_holdout_05_bumps,bumps,,/home/lyh/wheel-legged-control-lab/results/d1_terrain_tracking_v2/evaluation/mixed_rl_seed_2000/tracking_v2_holdout_05_bumps.csv,0.039656911461906565,0.00774558058707572,0.08800898015018535,0.0965310893638584,0.16877315180910202,fluctuation_dominated
mixed_rl,2000,tracking_v2_holdout_06_bumps,bumps,tail_velocity,/home/lyh/wheel-legged-control-lab/results/d1_terrain_tracking_v2/evaluation/mixed_rl_seed_2000/tracking_v2_holdout_06_bumps.csv,-0.08806323061394027,0.001391362976699337,0.03730097822711004,0.09563731260791135,0.8478802108264776,bias_dominated_slow
mixed_rl,2000,tracking_v2_holdout_07_bumps,bumps,,/home/lyh/wheel-legged-control-lab/results/d1_terrain_tracking_v2/evaluation/mixed_rl_seed_2000/tracking_v2_holdout_07_bumps.csv,-0.039119109384162055,0.0018864060583834005,0.04343277631447707,0.058452637043964376,0.4478882816582693,mixed
mixed_rl,2000,tracking_v2_holdout_08_bumps,bumps,tail_velocity,/home/lyh/wheel-legged-control-lab/results/d1_terrain_tracking_v2/evaluation/mixed_rl_seed_2000/tracking_v2_holdout_08_bumps.csv,-0.11313978049605587,0.0009113039057839966,0.030187810549690358,0.11709788143463444,0.9335392625236945,bias_dominated_slow
mixed_rl,2000,tracking_v2_holdout_09_bumps,bumps,tail_velocity,/home/lyh/wheel-legged-control-lab/results/d1_terrain_tracking_v2/evaluation/mixed_rl_seed_2000/tracking_v2_holdout_09_bumps.csv,-0.08933744942019375,0.00013834157357697693,0.011761869476277014,0.09010838719277274,0.9829618562427649,bias_dominated_slow
mixed_rl,2000,tracking_v2_holdout_10_bumps,bumps,tail_velocity,/home/lyh/wheel-legged-control-lab/results/d1_terrain_tracking_v2/evaluation/mixed_rl_seed_2000/tracking_v2_holdout_10_bumps.csv,0.13648166626253672,0.0327032715924953,0.18084045894792267,0.2265623905644839,0.3628883241471643,mixed
mixed_rl,2000,tracking_v2_holdout_11_bumps,bumps,tail_velocity,/home/lyh/wheel-legged-control-lab/results/d1_terrain_tracking_v2/evaluation/mixed_rl_seed_2000/tracking_v2_holdout_11_bumps.csv,0.05289278794245762,0.016663004757699943,0.1290852615820255,0.13950144004283874,0.14375916330098612,fluctuation_dominated
mixed_rl,2000,tracking_v2_holdout_12_bumps,bumps,tail_velocity,/home/lyh/wheel-legged-control-lab/results/d1_terrain_tracking_v2/evaluation/mixed_rl_seed_2000/tracking_v2_holdout_12_bumps.csv,-0.03750091806975237,0.010574876886562478,0.1028342204062562,0.10945864855111614,0.11737717054982232,fluctuation_dominated
mixed_rl,2000,tracking_v2_holdout_13_bumps,bumps,progress|tail_velocity,/home/lyh/wheel-legged-control-lab/results/d1_terrain_tracking_v2/evaluation/mixed_rl_seed_2000/tracking_v2_holdout_13_bumps.csv,-0.07659957131270863,0.002079257908079357,0.045598880557304884,0.08914455806929603,0.7383512349424822,mixed
mixed_rl,2000,tracking_v2_holdout_14_bumps,bumps,tail_velocity,/home/lyh/wheel-legged-control-lab/results/d1_terrain_tracking_v2/evaluation/mixed_rl_seed_2000/tracking_v2_holdout_14_bumps.csv,-0.08363014395427927,0.0038118830010710363,0.06174044866269629,0.10395135390597139,0.6472400584237497,mixed
mixed_rl,2000,tracking_v2_holdout_15_bumps,bumps,tail_velocity,/home/lyh/wheel-legged-control-lab/results/d1_terrain_tracking_v2/evaluation/mixed_rl_seed_2000/tracking_v2_holdout_15_bumps.csv,-0.10062502670916844,0.00021291170166904305,0.014591494154782197,0.10167746899824907,0.9794055557438942,bias_dominated_slow
mixed_rl,2000,tracking_v2_holdout_16_ramp,ramp,,/home/lyh/wheel-legged-control-lab/results/d1_terrain_tracking_v2/evaluation/mixed_rl_seed_2000/tracking_v2_holdout_16_ramp.csv,0.009939254597249664,0.00032177392012667887,0.017938057869420505,0.020507625461657606,0.23489667881005763,mixed
mixed_rl,2000,tracking_v2_holdout_17_ramp,ramp,,/home/lyh/wheel-legged-control-lab/results/d1_terrain_tracking_v2/evaluation/mixed_rl_seed_2000/tracking_v2_holdout_17_ramp.csv,0.006119636547689504,0.00035317381419714615,0.01879291925692084,0.019764204149749196,0.09587217872240482,fluctuation_dominated
mixed_rl,2000,tracking_v2_holdout_18_ramp,ramp,,/home/lyh/wheel-legged-control-lab/results/d1_terrain_tracking_v2/evaluation/mixed_rl_seed_2000/tracking_v2_holdout_18_ramp.csv,0.006046154568828297,0.0002667857338355726,0.016333576884307144,0.01741670803871202,0.12051090500190362,fluctuation_dominated
mixed_rl,2000,tracking_v2_holdout_19_ramp,ramp,,/home/lyh/wheel-legged-control-lab/results/d1_terrain_tracking_v2/evaluation/mixed_rl_seed_2000/tracking_v2_holdout_19_ramp.csv,0.005164422260055297,0.0002950355921754294,0.01717660013435224,0.017936188264388395,0.08290546914151727,fluctuation_dominated
mixed_rl,2000,tracking_v2_holdout_20_ramp,ramp,,/home/lyh/wheel-legged-control-lab/results/d1_terrain_tracking_v2/evaluation/mixed_rl_seed_2000/tracking_v2_holdout_20_ramp.csv,-0.03744858464217164,0.0002377929023147665,0.01542053508522861,0.040499251771071776,0.8550210706262187,bias_dominated_slow
mixed_rl,2000,tracking_v2_holdout_21_ramp,ramp,,/home/lyh/wheel-legged-control-lab/results/d1_terrain_tracking_v2/evaluation/mixed_rl_seed_2000/tracking_v2_holdout_21_ramp.csv,-0.04243202586161707,0.00020940238536496186,0.014470742391631531,0.04483167634704174,0.8958134474254641,bias_dominated_slow
mixed_rl,2000,tracking_v2_holdout_22_ramp,ramp,,/home/lyh/wheel-legged-control-lab/results/d1_terrain_tracking_v2/evaluation/mixed_rl_seed_2000/tracking_v2_holdout_22_ramp.csv,-0.025354198814636367,0.0001902763194073664,0.013794068268910605,0.028863674695704885,0.7716076781318515,mixed
mixed_rl,2000,tracking_v2_holdout_23_ramp,ramp,,/home/lyh/wheel-legged-control-lab/results/d1_terrain_tracking_v2/evaluation/mixed_rl_seed_2000/tracking_v2_holdout_23_ramp.csv,-0.039246792222803605,0.0002441127093385393,0.015624106673296214,0.04224243611723236,0.8631979898430405,bias_dominated_slow
curriculum_rl,2000,tracking_v2_holdout_00_flat,flat,,/home/lyh/wheel-legged-control-lab/results/d1_terrain_tracking_v2/evaluation/curriculum_rl_seed_2000/tracking_v2_holdout_00_flat.csv,-0.03272535607903411,0.0001304245219538307,0.011420355596645435,0.03466083456083257,0.8914371532952705,bias_dominated_slow
curriculum_rl,2000,tracking_v2_holdout_01_flat,flat,,/home/lyh/wheel-legged-control-lab/results/d1_terrain_tracking_v2/evaluation/curriculum_rl_seed_2000/tracking_v2_holdout_01_flat.csv,-0.05417776276030487,0.0001794196574183908,0.013394762312874044,0.05580904617649604,0.942394914858253,bias_dominated_slow
curriculum_rl,2000,tracking_v2_holdout_02_flat,flat,,/home/lyh/wheel-legged-control-lab/results/d1_terrain_tracking_v2/evaluation/curriculum_rl_seed_2000/tracking_v2_holdout_02_flat.csv,-0.06942366272083098,0.00022054387240471717,0.01485071959215166,0.07099428722073639,0.9562429344674652,bias_dominated_slow
curriculum_rl,2000,tracking_v2_holdout_03_flat,flat,,/home/lyh/wheel-legged-control-lab/results/d1_terrain_tracking_v2/evaluation/curriculum_rl_seed_2000/tracking_v2_holdout_03_flat.csv,-0.04789974097760125,0.00018118572668885286,0.013460524755330041,0.049755109410091196,0.9268105285206897,bias_dominated_slow
curriculum_rl,2000,tracking_v2_holdout_04_bumps,bumps,tail_velocity,/home/lyh/wheel-legged-control-lab/results/d1_terrain_tracking_v2/evaluation/curriculum_rl_seed_2000/tracking_v2_holdout_04_bumps.csv,-0.10774953276053703,0.00048573235836247284,0.022039336613484374,0.10998042629703027,0.9598425397007501,bias_dominated_slow
curriculum_rl,2000,tracking_v2_holdout_05_bumps,bumps,,/home/lyh/wheel-legged-control-lab/results/d1_terrain_tracking_v2/evaluation/curriculum_rl_seed_2000/tracking_v2_holdout_05_bumps.csv,0.0518444737030429,0.007057730800507671,0.08401030175227125,0.09871970550023525,0.27580189003395994,mixed
curriculum_rl,2000,tracking_v2_holdout_06_bumps,bumps,tail_velocity,/home/lyh/wheel-legged-control-lab/results/d1_terrain_tracking_v2/evaluation/curriculum_rl_seed_2000/tracking_v2_holdout_06_bumps.csv,-0.08318884567909518,0.0021118324752915692,0.04595467849187468,0.09503797409831441,0.7661889005374373,mixed
curriculum_rl,2000,tracking_v2_holdout_07_bumps,bumps,,/home/lyh/wheel-legged-control-lab/results/d1_terrain_tracking_v2/evaluation/curriculum_rl_seed_2000/tracking_v2_holdout_07_bumps.csv,-0.04647781914468069,0.0017425556625196544,0.04174392964874839,0.06247194038098465,0.5535049289796181,mixed
curriculum_rl,2000,tracking_v2_holdout_08_bumps,bumps,tail_velocity,/home/lyh/wheel-legged-control-lab/results/d1_terrain_tracking_v2/evaluation/curriculum_rl_seed_2000/tracking_v2_holdout_08_bumps.csv,-0.10919941086789985,0.0008105117412400369,0.028469487899153312,0.11284955948135748,0.9363556911944304,bias_dominated_slow
curriculum_rl,2000,tracking_v2_holdout_09_bumps,bumps,tail_velocity,/home/lyh/wheel-legged-control-lab/results/d1_terrain_tracking_v2/evaluation/curriculum_rl_seed_2000/tracking_v2_holdout_09_bumps.csv,-0.09032503327743237,0.00014853201558869114,0.012187371151675456,0.09114353324376862,0.982119965440816,bias_dominated_slow
curriculum_rl,2000,tracking_v2_holdout_10_bumps,bumps,tail_velocity,/home/lyh/wheel-legged-control-lab/results/d1_terrain_tracking_v2/evaluation/curriculum_rl_seed_2000/tracking_v2_holdout_10_bumps.csv,-0.04237781200804507,0.0023749851387658617,0.04873381925076119,0.06458222734897792,0.4305771926667839,mixed
curriculum_rl,2000,tracking_v2_holdout_11_bumps,bumps,tail_velocity,/home/lyh/wheel-legged-control-lab/results/d1_terrain_tracking_v2/evaluation/curriculum_rl_seed_2000/tracking_v2_holdout_11_bumps.csv,0.06350889761286874,0.023877707961455132,0.15452413391265177,0.16706611875978017,0.1445081635867798,fluctuation_dominated
curriculum_rl,2000,tracking_v2_holdout_12_bumps,bumps,tail_velocity,/home/lyh/wheel-legged-control-lab/results/d1_terrain_tracking_v2/evaluation/curriculum_rl_seed_2000/tracking_v2_holdout_12_bumps.csv,-0.06593908230570884,0.007456723310584833,0.0863523208175949,0.10864937130928959,0.36832513946948825,mixed
curriculum_rl,2000,tracking_v2_holdout_13_bumps,bumps,progress|tail_velocity,/home/lyh/wheel-legged-control-lab/results/d1_terrain_tracking_v2/evaluation/curriculum_rl_seed_2000/tracking_v2_holdout_13_bumps.csv,-0.06645865763691634,0.00301548595190671,0.05491344053969584,0.08621043513872069,0.5942695195274246,mixed
curriculum_rl,2000,tracking_v2_holdout_14_bumps,bumps,tail_velocity,/home/lyh/wheel-legged-control-lab/results/d1_terrain_tracking_v2/evaluation/curriculum_rl_seed_2000/tracking_v2_holdout_14_bumps.csv,-0.08559317130432838,0.0037295050756482075,0.06106967394417795,0.10514607006246267,0.6626621192439726,mixed
curriculum_rl,2000,tracking_v2_holdout_15_bumps,bumps,tail_velocity,/home/lyh/wheel-legged-control-lab/results/d1_terrain_tracking_v2/evaluation/curriculum_rl_seed_2000/tracking_v2_holdout_15_bumps.csv,-0.10163989464087977,9.159375018548108e-05,0.009570462380965775,0.10208948002999439,0.9912117205673681,bias_dominated_slow
curriculum_rl,2000,tracking_v2_holdout_16_ramp,ramp,,/home/lyh/wheel-legged-control-lab/results/d1_terrain_tracking_v2/evaluation/curriculum_rl_seed_2000/tracking_v2_holdout_16_ramp.csv,0.012966595498771012,0.00028721616723765246,0.016947453119500064,0.02133890264438172,0.3692391664551711,mixed
curriculum_rl,2000,tracking_v2_holdout_17_ramp,ramp,,/home/lyh/wheel-legged-control-lab/results/d1_terrain_tracking_v2/evaluation/curriculum_rl_seed_2000/tracking_v2_holdout_17_ramp.csv,0.002270747252436911,0.00038513204547182536,0.01962478141207757,0.01975571660447363,0.013211496668139115,fluctuation_dominated
curriculum_rl,2000,tracking_v2_holdout_18_ramp,ramp,,/home/lyh/wheel-legged-control-lab/results/d1_terrain_tracking_v2/evaluation/curriculum_rl_seed_2000/tracking_v2_holdout_18_ramp.csv,0.011533558222448344,0.0002841293805690244,0.016856137771417996,0.020424307719960306,0.3188834165677809,mixed
curriculum_rl,2000,tracking_v2_holdout_19_ramp,ramp,,/home/lyh/wheel-legged-control-lab/results/d1_terrain_tracking_v2/evaluation/curriculum_rl_seed_2000/tracking_v2_holdout_19_ramp.csv,0.002087271997097595,0.0003125209277852865,0.017678261446909493,0.01780105705218525,0.013748854281578363,fluctuation_dominated
curriculum_rl,2000,tracking_v2_holdout_20_ramp,ramp,,/home/lyh/wheel-legged-control-lab/results/d1_terrain_tracking_v2/evaluation/curriculum_rl_seed_2000/tracking_v2_holdout_20_ramp.csv,-0.02696058330154998,0.00016101343963958453,0.012689107125388474,0.029797424244377233,0.8186553786289259,bias_dominated_slow
curriculum_rl,2000,tracking_v2_holdout_21_ramp,ramp,,/home/lyh/wheel-legged-control-lab/results/d1_terrain_tracking_v2/evaluation/curriculum_rl_seed_2000/tracking_v2_holdout_21_ramp.csv,-0.04501604500557106,0.0002313560752062163,0.015210393657174567,0.04751631702004918,0.8975303233479589,bias_dominated_slow
curriculum_rl,2000,tracking_v2_holdout_22_ramp,ramp,,/home/lyh/wheel-legged-control-lab/results/d1_terrain_tracking_v2/evaluation/curriculum_rl_seed_2000/tracking_v2_holdout_22_ramp.csv,-0.02679545459280116,0.0002675373787789538,0.016356569896495837,0.03139321209455672,0.7285355529018098,mixed
curriculum_rl,2000,tracking_v2_holdout_23_ramp,ramp,,/home/lyh/wheel-legged-control-lab/results/d1_terrain_tracking_v2/evaluation/curriculum_rl_seed_2000/tracking_v2_holdout_23_ramp.csv,-0.03440596104575883,0.00028581547212997485,0.016906077964151674,0.03833517480868255,0.8055128828427903,bias_dominated_slow
