controller,scenario,success,velocity_rmse_mps,pitch_rmse_deg,max_abs_pitch_deg,height_rmse_mm,normalized_torque_rms,four_wheel_contact_ratio,undesired_contact_steps,mean_reward,solve_p95_ms
D1 LQR+VMC,nominal,1,0.26439487236398423,0.902406365953437,2.664644359018426,13.361211270186075,0.2141684872485491,0.9916666666666667,0,3.3305123541750694,0.0
D1 MPC+VMC,nominal,1,0.24376179028734898,1.320176738671159,3.589014277153053,14.813667904603895,0.21230368892520818,0.9733333333333334,0,3.4041561788540804,0.40243254843517207
D1 LQR+VMC+PPO,nominal,1,0.25373061004005276,0.8735755157929985,2.626891686103737,12.193902842555469,0.21614696670455258,0.9983333333333333,0,3.328505961779356,0.0
D1 LQR+VMC,push,1,0.3449899472573644,1.528489266956235,5.197201635101593,16.32106865528575,0.21368570591424202,0.965,0,3.1358582763222116,0.0
D1 MPC+VMC,push,1,0.34394551425075875,1.9837080844971626,8.193095538455498,16.092950881332502,0.21613825866465067,0.915,0,3.2409362321329067,0.6478482482634714
D1 LQR+VMC+PPO,push,1,0.330102439224258,1.4297787904946644,4.2958550255732835,14.936494879008663,0.2148855897281522,0.9716666666666667,0,3.1730989346531,0.0
D1 LQR+VMC,mismatch_delay,1,0.24888614991996752,0.906082811806024,2.941577537559563,13.205687980188177,0.2208740872130169,0.985,0,3.383553476732315,0.0
D1 MPC+VMC,mismatch_delay,1,0.2520971318795881,1.3209712211859834,3.8709246042042804,14.378184507703972,0.22070425931168192,0.9716666666666667,0,3.3698448204934706,0.4083752010046736
D1 LQR+VMC+PPO,mismatch_delay,1,0.2497552710065585,0.8985829565016951,3.1736683358824065,12.37116880118321,0.22108684745958845,0.985,0,3.3792664543728606,0.0
