controller,scenario,evaluation_seed,state_estimation_mode,latency_compensation,initial_state_fingerprint,initial_command_fingerprint,push_schedule_fingerprint,state_age_mean_ms,state_age_p95_ms,state_age_max_ms,compensation_horizon_p95_ms,compensation_applied_ratio,compensation_rejected_ratio,action_delay_steps,state_delay_steps,sensor_noise_scale,state_estimator_seed,base_mass_scale,damping_scale,friction_scale,actuator_strength_scale,success,episode_steps,episode_duration_s,velocity_rmse_mps,pitch_rmse_deg,max_abs_pitch_deg,height_rmse_mm,normalized_torque_rms,mean_abs_mechanical_power_w,torque_saturation_ratio,residual_action_rms,residual_action_delta_rms,mean_residual_longitudinal_force_n,mean_residual_vertical_force_n,four_wheel_contact_ratio,undesired_contact_steps,mean_reward,solve_p95_ms,raw_position_estimation_rmse_m,control_position_estimation_rmse_m,raw_pitch_estimation_rmse_deg,control_pitch_estimation_rmse_deg,raw_velocity_estimation_rmse_mps,control_velocity_estimation_rmse_mps
D1 LQR+VMC,randomized,121,oracle,none,7c2e92dfcaa715c655bc8077a117188283c609c4004d2c997e753c106bd05da0,b5debe969d1df6635d50c0383ced2b7758db1a66006d8efd3190a9a9c1c36602,3c0b20d46b77d044bc2c012ed0e2b5b40ed5c67307b2b067e0da1963dd696938,0.0,0.0,0.0,0.0,0.0,0.0,1,0,0.7930631939976844,,1.0392194779402963,0.934056113211154,1.1857691697504076,0.9661443790880642,1,600,6.0,0.35324275584625214,1.872024941639269,4.566076101927975,7.574620486198664,0.27882788330755576,354.1573061638827,0.0,0.0,0.0,0.0,0.0,0.835,0,3.413049992440777,0.0,0.0,0.0,0.0,0.0,0.0,0.0
D1 MPC+VMC,randomized,121,oracle,none,7c2e92dfcaa715c655bc8077a117188283c609c4004d2c997e753c106bd05da0,b5debe969d1df6635d50c0383ced2b7758db1a66006d8efd3190a9a9c1c36602,3c0b20d46b77d044bc2c012ed0e2b5b40ed5c67307b2b067e0da1963dd696938,0.0,0.0,0.0,0.0,0.0,0.0,1,0,0.7930631939976844,,1.0392194779402963,0.934056113211154,1.1857691697504076,0.9661443790880642,1,600,6.0,0.31965785500094096,1.622101346801785,6.128179634691855,9.333815453982517,0.21992413305662586,80.87029355559766,0.0,0.0,0.0,0.0,0.0,0.96,0,3.552847719282216,0.323251591908047,0.0,0.0,0.0,0.0,0.0,0.0
D1 LQR+VMC+PPO,randomized,121,oracle,none,7c2e92dfcaa715c655bc8077a117188283c609c4004d2c997e753c106bd05da0,b5debe969d1df6635d50c0383ced2b7758db1a66006d8efd3190a9a9c1c36602,3c0b20d46b77d044bc2c012ed0e2b5b40ed5c67307b2b067e0da1963dd696938,0.0,0.0,0.0,0.0,0.0,0.0,1,0,0.7930631939976844,,1.0392194779402963,0.934056113211154,1.1857691697504076,0.9661443790880642,1,600,6.0,0.345137537183437,1.8841218292142425,4.509170889496847,9.081134750184678,0.28264555141563164,379.24479920836586,0.0,0.4066774750833453,0.07919662202456972,-9.431237986916676,13.242802403929334,0.775,0,3.3971128675673223,0.0,0.0,0.0,0.0,0.0,0.0,0.0
D1 LQR+VMC,randomized,122,oracle,none,c29706cb396ed7cc6b20e70c4feb8d727c8ccb88d9c3ac1f5a6f9d2c7a8dafc9,a43e284a8bda7a9c6b9537304ee476b45e291d3a0f641aee8d330f83a4caf286,02908c9b2d28b6c0bdcc0dbeb8aaf2aeeb616e0ceadd9fa26465aa48443790f9,0.0,0.0,0.0,0.0,0.0,0.0,0,0,0.5054437804832914,,1.0815775669389267,0.8790308005009635,0.8954298945162347,0.8918624637657828,1,600,6.0,0.43961738906540127,2.5397338372730363,6.537018936883141,12.933549070959993,0.29124905635616677,412.7361258837718,0.0,0.0,0.0,0.0,0.0,0.68,0,2.9235477591629158,0.0,0.0,0.0,0.0,0.0,0.0,0.0
D1 MPC+VMC,randomized,122,oracle,none,c29706cb396ed7cc6b20e70c4feb8d727c8ccb88d9c3ac1f5a6f9d2c7a8dafc9,a43e284a8bda7a9c6b9537304ee476b45e291d3a0f641aee8d330f83a4caf286,02908c9b2d28b6c0bdcc0dbeb8aaf2aeeb616e0ceadd9fa26465aa48443790f9,0.0,0.0,0.0,0.0,0.0,0.0,0,0,0.5054437804832914,,1.0815775669389267,0.8790308005009635,0.8954298945162347,0.8918624637657828,1,600,6.0,0.30209293582521934,2.323095302960869,6.049929923857014,13.725784587859799,0.29458522343071797,405.320139218218,0.0010416666666666667,0.0,0.0,0.0,0.0,0.71,0,3.2631308058299724,0.3333736014610622,0.0,0.0,0.0,0.0,0.0,0.0
D1 LQR+VMC+PPO,randomized,122,oracle,none,c29706cb396ed7cc6b20e70c4feb8d727c8ccb88d9c3ac1f5a6f9d2c7a8dafc9,a43e284a8bda7a9c6b9537304ee476b45e291d3a0f641aee8d330f83a4caf286,02908c9b2d28b6c0bdcc0dbeb8aaf2aeeb616e0ceadd9fa26465aa48443790f9,0.0,0.0,0.0,0.0,0.0,0.0,0,0,0.5054437804832914,,1.0815775669389267,0.8790308005009635,0.8954298945162347,0.8918624637657828,1,600,6.0,0.4302694400606427,2.4928088370831154,6.215039334441436,13.488256036885668,0.2927158409524642,436.8270883364316,0.0010416666666666667,0.390860416568657,0.07285879274618516,-0.6141936883796006,5.261019980084772,0.64,0,2.8605307075531097,0.0,0.0,0.0,0.0,0.0,0.0,0.0
D1 LQR+VMC,randomized,123,oracle,none,73dfdbd5c0ab425dc1b07acfcd0f96887b1c1df66e5fdd7f7fdf9c8082c92375,ad1ef676cd7e09b56d4738ddf875ae6abd6c6381fbff77aa832cc7df0175445b,469375b2dfe0336699f18db15a737f7a66f34020c133025cccdddb7d4ca8b301,0.0,0.0,0.0,0.0,0.0,0.0,1,0,0.8120945066557737,,1.0501174099145916,0.8242194584610002,0.7932339173021974,0.8868743621397339,1,600,6.0,0.6378844136367069,4.557062822934482,21.75283780397162,23.136866053343947,0.24224136360220413,213.474525445427,0.0004166666666666667,0.0,0.0,0.0,0.0,0.7633333333333333,0,2.8148217763324093,0.0,0.0,0.0,0.0,0.0,0.0,0.0
D1 MPC+VMC,randomized,123,oracle,none,73dfdbd5c0ab425dc1b07acfcd0f96887b1c1df66e5fdd7f7fdf9c8082c92375,ad1ef676cd7e09b56d4738ddf875ae6abd6c6381fbff77aa832cc7df0175445b,469375b2dfe0336699f18db15a737f7a66f34020c133025cccdddb7d4ca8b301,0.0,0.0,0.0,0.0,0.0,0.0,1,0,0.8120945066557737,,1.0501174099145916,0.8242194584610002,0.7932339173021974,0.8868743621397339,0,320,3.2,0.9569503457406642,18.976369021957645,49.42338715262673,59.58527140189725,0.2788679625082972,311.54707934411994,0.0203125,0.0,0.0,0.0,0.0,0.55,0,2.1068823344399883,0.3301643970189617,0.0,0.0,0.0,0.0,0.0,0.0
D1 LQR+VMC+PPO,randomized,123,oracle,none,73dfdbd5c0ab425dc1b07acfcd0f96887b1c1df66e5fdd7f7fdf9c8082c92375,ad1ef676cd7e09b56d4738ddf875ae6abd6c6381fbff77aa832cc7df0175445b,469375b2dfe0336699f18db15a737f7a66f34020c133025cccdddb7d4ca8b301,0.0,0.0,0.0,0.0,0.0,0.0,1,0,0.8120945066557737,,1.0501174099145916,0.8242194584610002,0.7932339173021974,0.8868743621397339,1,600,6.0,0.6593215951402129,4.428631341376319,20.695565340837444,21.570304192075817,0.2626881795617587,313.45020815521883,0.0008333333333333334,0.5001172736250327,0.08165539456999367,3.4753339936025442,-4.626575853815302,0.6616666666666666,0,2.6504239106098657,0.0,0.0,0.0,0.0,0.0,0.0,0.0
D1 LQR+VMC,randomized,124,oracle,none,9f92d54e327d4a75e4a2b3d01bc40fe062eac5664ed1738e182917c68d9d04da,56dcc03527552d4dd3b093e8f05fd103a605ca22ee3f8a654938347405d3380a,09c8d449d73b1404b27eb7395d76d55061d83f415adb9f451a5a282749d83920,0.0,0.0,0.0,0.0,0.0,0.0,3,0,0.9388845441671912,,1.072755685088562,1.1536367108867953,1.2799384113898542,0.9996119545819131,1,600,6.0,0.3379591066487824,1.1744802451384435,3.3797683893755983,7.519940465778121,0.22480045237844745,118.6702035093453,0.0,0.0,0.0,0.0,0.0,0.9966666666666667,0,3.5457129046438527,0.0,0.0,0.0,0.0,0.0,0.0,0.0
D1 MPC+VMC,randomized,124,oracle,none,9f92d54e327d4a75e4a2b3d01bc40fe062eac5664ed1738e182917c68d9d04da,56dcc03527552d4dd3b093e8f05fd103a605ca22ee3f8a654938347405d3380a,09c8d449d73b1404b27eb7395d76d55061d83f415adb9f451a5a282749d83920,0.0,0.0,0.0,0.0,0.0,0.0,3,0,0.9388845441671912,,1.072755685088562,1.1536367108867953,1.2799384113898542,0.9996119545819131,1,600,6.0,0.2849672949576878,1.5046016723424671,4.206687448675527,7.7033872725970545,0.22922497233103353,113.87827459138197,0.0,0.0,0.0,0.0,0.0,0.9966666666666667,0,3.6679914085662357,0.32309638991137035,0.0,0.0,0.0,0.0,0.0,0.0
D1 LQR+VMC+PPO,randomized,124,oracle,none,9f92d54e327d4a75e4a2b3d01bc40fe062eac5664ed1738e182917c68d9d04da,56dcc03527552d4dd3b093e8f05fd103a605ca22ee3f8a654938347405d3380a,09c8d449d73b1404b27eb7395d76d55061d83f415adb9f451a5a282749d83920,0.0,0.0,0.0,0.0,0.0,0.0,3,0,0.9388845441671912,,1.072755685088562,1.1536367108867953,1.2799384113898542,0.9996119545819131,1,600,6.0,0.3402502601447713,1.145608859543836,3.308709370984409,8.837030015132958,0.22297688013657846,113.12182896421805,0.0,0.40554616681779543,0.07663507111630267,-13.102638168004342,-4.539982224038492,0.9966666666666667,0,3.492169645460366,0.0,0.0,0.0,0.0,0.0,0.0,0.0
D1 LQR+VMC,randomized,125,oracle,none,e3d32ae351fe1e9e4cd0f6c37bc15f9ab5e4379303646bd4844c8d5acf55f8c4,bb4ef951ef18a309bcca5309ea323c4c8c1ecdbb3c39d1610cb072140f7e44e6,ce563013b208516d32c203b8ae91ea1ab965c61544ef3ac2563d15ed89fbae5c,0.0,0.0,0.0,0.0,0.0,0.0,2,0,0.7802399946901685,,1.0873848863921922,1.0221424887299229,0.9036051544398931,0.8859215154175284,1,600,6.0,0.1950805905256273,0.7054359190936134,1.7656920781751144,8.034204965427746,0.21994001223213502,77.22423319629232,0.0,0.0,0.0,0.0,0.0,0.9983333333333333,0,3.7227753753280983,0.0,0.0,0.0,0.0,0.0,0.0,0.0
D1 MPC+VMC,randomized,125,oracle,none,e3d32ae351fe1e9e4cd0f6c37bc15f9ab5e4379303646bd4844c8d5acf55f8c4,bb4ef951ef18a309bcca5309ea323c4c8c1ecdbb3c39d1610cb072140f7e44e6,ce563013b208516d32c203b8ae91ea1ab965c61544ef3ac2563d15ed89fbae5c,0.0,0.0,0.0,0.0,0.0,0.0,2,0,0.7802399946901685,,1.0873848863921922,1.0221424887299229,0.9036051544398931,0.8859215154175284,1,600,6.0,0.19516584289508912,0.984308481775708,2.630293588673825,8.313788404684127,0.2218286579911172,62.390222152011255,0.0,0.0,0.0,0.0,0.0,0.9966666666666667,0,3.792654324761751,0.3332008447614498,0.0,0.0,0.0,0.0,0.0,0.0
D1 LQR+VMC+PPO,randomized,125,oracle,none,e3d32ae351fe1e9e4cd0f6c37bc15f9ab5e4379303646bd4844c8d5acf55f8c4,bb4ef951ef18a309bcca5309ea323c4c8c1ecdbb3c39d1610cb072140f7e44e6,ce563013b208516d32c203b8ae91ea1ab965c61544ef3ac2563d15ed89fbae5c,0.0,0.0,0.0,0.0,0.0,0.0,2,0,0.7802399946901685,,1.0873848863921922,1.0221424887299229,0.9036051544398931,0.8859215154175284,1,600,6.0,0.20992563296586633,0.7198785096330699,1.783662274975667,6.492688691469052,0.22031530178895606,85.8335508961941,0.0,0.35223725982005044,0.0789597529688669,-14.175927346106619,6.189204028761014,0.9983333333333333,0,3.667479274349048,0.0,0.0,0.0,0.0,0.0,0.0,0.0
D1 LQR+VMC,randomized,126,oracle,none,0ddc9f8491fec102ffc5c6392aacf4cc4958d0d3de3ca28740ab8305d3cad802,7e34e269b9e4c594bb8f35e9d4a3172a2706dc0dbf9e4a7f6646ccc74f04a7d2,e5b0e9def2372e9365d987b6e39ff899cb45bb89455478363d7c590a22d1acdd,0.0,0.0,0.0,0.0,0.0,0.0,0,0,0.10270895881513886,,0.9013587367131051,1.2237911483370425,0.6929830915399516,1.0458088405818775,1,600,6.0,0.35595704799019323,1.7859407167998431,4.283914295212463,14.42916070242082,0.25980571425835697,282.4173514936489,0.0,0.0,0.0,0.0,0.0,0.7666666666666667,0,3.1496150673030883,0.0,0.0,0.0,0.0,0.0,0.0,0.0
D1 MPC+VMC,randomized,126,oracle,none,0ddc9f8491fec102ffc5c6392aacf4cc4958d0d3de3ca28740ab8305d3cad802,7e34e269b9e4c594bb8f35e9d4a3172a2706dc0dbf9e4a7f6646ccc74f04a7d2,e5b0e9def2372e9365d987b6e39ff899cb45bb89455478363d7c590a22d1acdd,0.0,0.0,0.0,0.0,0.0,0.0,0,0,0.10270895881513886,,0.9013587367131051,1.2237911483370425,0.6929830915399516,1.0458088405818775,1,600,6.0,0.3171992090256559,1.8948264671151254,6.151879109916922,15.106931084386579,0.2627309497076195,270.9328338743774,0.0,0.0,0.0,0.0,0.0,0.7216666666666667,0,3.4331013001167774,0.31389625000883825,0.0,0.0,0.0,0.0,0.0,0.0
D1 LQR+VMC+PPO,randomized,126,oracle,none,0ddc9f8491fec102ffc5c6392aacf4cc4958d0d3de3ca28740ab8305d3cad802,7e34e269b9e4c594bb8f35e9d4a3172a2706dc0dbf9e4a7f6646ccc74f04a7d2,e5b0e9def2372e9365d987b6e39ff899cb45bb89455478363d7c590a22d1acdd,0.0,0.0,0.0,0.0,0.0,0.0,0,0,0.10270895881513886,,0.9013587367131051,1.2237911483370425,0.6929830915399516,1.0458088405818775,1,600,6.0,0.3485361529369975,1.6733122677599859,4.1187338978785615,11.572264550705404,0.2703770981255595,335.6859953387362,0.0,0.3932576135605644,0.07372796528594164,-2.5560297516407444,0.44680131279552976,0.6783333333333333,0,3.2233326991425293,0.0,0.0,0.0,0.0,0.0,0.0,0.0
D1 LQR+VMC,randomized,127,oracle,none,b345e7315aba751897fa9a531d28a3ec08f3a2400c220b7105790c2f469aeba6,a62c253f96362a1932f78e665abbdd76f1d8b14ac646a1581a89059be1307721,b988dab50b02d7e9b38b02217d3abdb5b45c339eebd080920892ff7322910b76,0.0,0.0,0.0,0.0,0.0,0.0,2,0,0.5855244310553044,,0.9137426449013422,0.8943347555404323,0.8445661120289889,1.032011400718582,1,600,6.0,0.4776654623567124,2.1455037936352634,9.015972383535777,12.606513960782506,0.28264674701953885,433.92929174843886,0.0,0.0,0.0,0.0,0.0,0.5516666666666666,0,2.9974743026885595,0.0,0.0,0.0,0.0,0.0,0.0,0.0
D1 MPC+VMC,randomized,127,oracle,none,b345e7315aba751897fa9a531d28a3ec08f3a2400c220b7105790c2f469aeba6,a62c253f96362a1932f78e665abbdd76f1d8b14ac646a1581a89059be1307721,b988dab50b02d7e9b38b02217d3abdb5b45c339eebd080920892ff7322910b76,0.0,0.0,0.0,0.0,0.0,0.0,2,0,0.5855244310553044,,0.9137426449013422,0.8943347555404323,0.8445661120289889,1.032011400718582,1,600,6.0,0.4700908022399395,2.3956497243575434,9.957271678102503,11.266909267062566,0.28724196865597956,424.89419003199384,0.0,0.0,0.0,0.0,0.0,0.57,0,3.212942728919795,0.34144663950428367,0.0,0.0,0.0,0.0,0.0,0.0
D1 LQR+VMC+PPO,randomized,127,oracle,none,b345e7315aba751897fa9a531d28a3ec08f3a2400c220b7105790c2f469aeba6,a62c253f96362a1932f78e665abbdd76f1d8b14ac646a1581a89059be1307721,b988dab50b02d7e9b38b02217d3abdb5b45c339eebd080920892ff7322910b76,0.0,0.0,0.0,0.0,0.0,0.0,2,0,0.5855244310553044,,0.9137426449013422,0.8943347555404323,0.8445661120289889,1.032011400718582,1,600,6.0,0.47422125543707366,2.0064494951781784,7.138850442524746,12.1025121213671,0.2849992789436974,445.97015317390947,0.0,0.47842684804128,0.08530386131273418,-0.251313962135464,-0.6184705658815801,0.5266666666666666,0,2.9671624814489705,0.0,0.0,0.0,0.0,0.0,0.0,0.0
D1 LQR+VMC,randomized,128,oracle,none,a83279295ee7f49c66301e3a877040d7050264cd6e103f0d82a33d112aee66e5,83afc90a16a7011b633737ed84c6fb0050114b95c3a0e43580bfe50e30db52d3,8b6ec0dbcf67ecb8095c0de3c70db2633e7333e48b45dcfe1527a92742cb6c01,0.0,0.0,0.0,0.0,0.0,0.0,1,0,0.5864973036245289,,1.045019446205385,1.012452313136684,0.9318185060008339,0.9307867869801847,1,600,6.0,0.4673807396362455,2.233233145332403,4.809052818227035,6.259957343473448,0.280167115364177,366.7977911045555,0.0,0.0,0.0,0.0,0.0,0.7333333333333333,0,2.9098945605682953,0.0,0.0,0.0,0.0,0.0,0.0,0.0
D1 MPC+VMC,randomized,128,oracle,none,a83279295ee7f49c66301e3a877040d7050264cd6e103f0d82a33d112aee66e5,83afc90a16a7011b633737ed84c6fb0050114b95c3a0e43580bfe50e30db52d3,8b6ec0dbcf67ecb8095c0de3c70db2633e7333e48b45dcfe1527a92742cb6c01,0.0,0.0,0.0,0.0,0.0,0.0,1,0,0.5864973036245289,,1.045019446205385,1.012452313136684,0.9318185060008339,0.9307867869801847,1,600,6.0,0.3654281548319864,2.3802820988421103,5.3038392253841735,7.533949592607801,0.2926600769061236,400.6006455848961,0.0,0.0,0.0,0.0,0.0,0.7016666666666667,0,3.2403985523908143,0.31297089954023244,0.0,0.0,0.0,0.0,0.0,0.0
D1 LQR+VMC+PPO,randomized,128,oracle,none,a83279295ee7f49c66301e3a877040d7050264cd6e103f0d82a33d112aee66e5,83afc90a16a7011b633737ed84c6fb0050114b95c3a0e43580bfe50e30db52d3,8b6ec0dbcf67ecb8095c0de3c70db2633e7333e48b45dcfe1527a92742cb6c01,0.0,0.0,0.0,0.0,0.0,0.0,1,0,0.5864973036245289,,1.045019446205385,1.012452313136684,0.9318185060008339,0.9307867869801847,1,600,6.0,0.4882514798628534,2.39888367514609,5.04432804761965,6.480480935347325,0.2848496426192797,390.6407487955254,0.0,0.4743641217791187,0.07830955382740958,-1.4536672567483038,6.170666498333836,0.7216666666666667,0,2.8590593177695065,0.0,0.0,0.0,0.0,0.0,0.0,0.0
D1 LQR+VMC,randomized,129,oracle,none,5702b570b1c0ed4e613de71f84569885aa8c5f4c94880c5cc684cc0fb91fcfd6,6496453d5a69277a86195d7bfdbbe46fbe2670ee348b85071fecbe32c5511a2c,60a2e271b66c49d8028072c5092c3fb5128bb6c666596fc41527992f75efa757,0.0,0.0,0.0,0.0,0.0,0.0,1,0,0.7925745563611095,,0.9845496018142563,0.9052567452854112,1.2337830868118964,1.0285116701786272,1,600,6.0,0.34708049573839866,1.482003972117232,4.858567397569858,10.971093530007733,0.2116231156966577,101.62341646601102,0.0,0.0,0.0,0.0,0.0,0.965,0,3.4249717060881903,0.0,0.0,0.0,0.0,0.0,0.0,0.0
D1 MPC+VMC,randomized,129,oracle,none,5702b570b1c0ed4e613de71f84569885aa8c5f4c94880c5cc684cc0fb91fcfd6,6496453d5a69277a86195d7bfdbbe46fbe2670ee348b85071fecbe32c5511a2c,60a2e271b66c49d8028072c5092c3fb5128bb6c666596fc41527992f75efa757,0.0,0.0,0.0,0.0,0.0,0.0,1,0,0.7925745563611095,,0.9845496018142563,0.9052567452854112,1.2337830868118964,1.0285116701786272,1,600,6.0,0.31022673918624527,1.7400665288616697,6.296998603648432,10.89856564857576,0.21256913733235897,95.17575557264502,0.0,0.0,0.0,0.0,0.0,0.9566666666666667,0,3.4990402159124656,0.3322907999972812,0.0,0.0,0.0,0.0,0.0,0.0
D1 LQR+VMC+PPO,randomized,129,oracle,none,5702b570b1c0ed4e613de71f84569885aa8c5f4c94880c5cc684cc0fb91fcfd6,6496453d5a69277a86195d7bfdbbe46fbe2670ee348b85071fecbe32c5511a2c,60a2e271b66c49d8028072c5092c3fb5128bb6c666596fc41527992f75efa757,0.0,0.0,0.0,0.0,0.0,0.0,1,0,0.7925745563611095,,0.9845496018142563,0.9052567452854112,1.2337830868118964,1.0285116701786272,1,600,6.0,0.3327010893346907,1.3287864499186168,3.899610356018313,12.682624787575817,0.21306794074198304,103.00782256747598,0.0,0.401095577911833,0.08111895746232176,-10.835595773393289,12.672511695434029,0.9783333333333334,0,3.4134229734239936,0.0,0.0,0.0,0.0,0.0,0.0,0.0
D1 LQR+VMC,randomized,130,oracle,none,40095e7bae0c177148218132cab8af901d2730f23c3b84147801c1bf84ac666a,f26470b0ae52d06a3a61c0b168230e39b8d37486347b1db9b1a210d0dcdc7dd7,32cea20adea4fbe5391e26bb562c4a7479aff31814c5405179333f9f5077bde4,0.0,0.0,0.0,0.0,0.0,0.0,3,0,0.45641274050883185,,0.9997216871705642,0.8351152271187723,0.8488619829931543,0.9314115641439593,1,600,6.0,0.28306470333132344,1.7081326856074737,3.6074035603172323,8.227058477535305,0.2913741820994206,504.0121853170536,0.0,0.0,0.0,0.0,0.0,0.5166666666666667,0,3.3686266055903102,0.0,0.0,0.0,0.0,0.0,0.0,0.0
D1 MPC+VMC,randomized,130,oracle,none,40095e7bae0c177148218132cab8af901d2730f23c3b84147801c1bf84ac666a,f26470b0ae52d06a3a61c0b168230e39b8d37486347b1db9b1a210d0dcdc7dd7,32cea20adea4fbe5391e26bb562c4a7479aff31814c5405179333f9f5077bde4,0.0,0.0,0.0,0.0,0.0,0.0,3,0,0.45641274050883185,,0.9997216871705642,0.8351152271187723,0.8488619829931543,0.9314115641439593,1,600,6.0,0.2257004982497875,1.8480480254006972,4.048402945994905,9.20216722688398,0.29640297094962553,513.3095474236842,0.0,0.0,0.0,0.0,0.0,0.5333333333333333,0,3.6039941957531725,0.4402470585773697,0.0,0.0,0.0,0.0,0.0,0.0
D1 LQR+VMC+PPO,randomized,130,oracle,none,40095e7bae0c177148218132cab8af901d2730f23c3b84147801c1bf84ac666a,f26470b0ae52d06a3a61c0b168230e39b8d37486347b1db9b1a210d0dcdc7dd7,32cea20adea4fbe5391e26bb562c4a7479aff31814c5405179333f9f5077bde4,0.0,0.0,0.0,0.0,0.0,0.0,3,0,0.45641274050883185,,0.9997216871705642,0.8351152271187723,0.8488619829931543,0.9314115641439593,1,600,6.0,0.2979220231584971,1.773818733456722,3.998784105278077,7.675151806208732,0.2881687026914498,480.6205226465015,0.0,0.3676004825781315,0.0693806320489014,8.601143565773963,-19.346109300417204,0.565,0,3.2996353238399445,0.0,0.0,0.0,0.0,0.0,0.0,0.0
D1 LQR+VMC,randomized,131,oracle,none,4b6d7d5264f0eaf46cd1362ce31dbc26cc5d48d0cdf31f202b38babc82a6f030,ff5ad5fec0545ac41879319246e8552be77ad07bff5dc7f83e087c1ca46f6150,97b44b4ada33350e078ca8e793613adfbb4d9a471ec91aab6aae1720401e9fd7,0.0,0.0,0.0,0.0,0.0,0.0,1,0,0.9855473593187901,,1.0422219766542375,1.070517012206352,0.9960171566159062,0.8798084705107636,1,600,6.0,0.43409042734410064,2.0125300932408194,5.857545998313685,6.659512193890906,0.2748195746045458,322.0260963458891,0.00125,0.0,0.0,0.0,0.0,0.83,0,3.2793420175585726,0.0,0.0,0.0,0.0,0.0,0.0,0.0
D1 MPC+VMC,randomized,131,oracle,none,4b6d7d5264f0eaf46cd1362ce31dbc26cc5d48d0cdf31f202b38babc82a6f030,ff5ad5fec0545ac41879319246e8552be77ad07bff5dc7f83e087c1ca46f6150,97b44b4ada33350e078ca8e793613adfbb4d9a471ec91aab6aae1720401e9fd7,0.0,0.0,0.0,0.0,0.0,0.0,1,0,0.9855473593187901,,1.0422219766542375,1.070517012206352,0.9960171566159062,0.8798084705107636,1,600,6.0,0.3362541687008313,2.2555999189103835,6.086414830197155,7.307029338521491,0.2766419266147826,302.1694995950924,0.0011458333333333333,0.0,0.0,0.0,0.0,0.825,0,3.5038045879221453,0.46424059910350474,0.0,0.0,0.0,0.0,0.0,0.0
D1 LQR+VMC+PPO,randomized,131,oracle,none,4b6d7d5264f0eaf46cd1362ce31dbc26cc5d48d0cdf31f202b38babc82a6f030,ff5ad5fec0545ac41879319246e8552be77ad07bff5dc7f83e087c1ca46f6150,97b44b4ada33350e078ca8e793613adfbb4d9a471ec91aab6aae1720401e9fd7,0.0,0.0,0.0,0.0,0.0,0.0,1,0,0.9855473593187901,,1.0422219766542375,1.070517012206352,0.9960171566159062,0.8798084705107636,1,600,6.0,0.46459839014454346,2.3048061036876604,6.302294546248455,7.656360405105587,0.28460754057002513,382.2566899774337,0.000625,0.4827193744625447,0.07953858734054396,-9.47721736037638,19.87536933850497,0.7766666666666666,0,3.254783934689604,0.0,0.0,0.0,0.0,0.0,0.0,0.0
D1 LQR+VMC,randomized,132,oracle,none,6f4a4364baec90156312c0b7c9b283ae90a7cb12a05eba457cff406a627139cd,a95af400eafe9bb70db4211a1b6cad8f95b86f8f7ee2152f9bdd03101eec6a00,a36b91e99b28824d41acdda5157707ed14ee21e4d17d651b8c2af3e866cf621f,0.0,0.0,0.0,0.0,0.0,0.0,0,0,0.6098899073146471,,0.9313722913777985,1.1620996281206688,1.1343696282482012,1.0264743128609943,1,600,6.0,0.11750873186246119,0.8071191940956776,2.713574944152967,8.88808561002676,0.24317866244423172,191.54638491925115,0.0,0.0,0.0,0.0,0.0,0.9316666666666666,0,3.9404407647730553,0.0,0.0,0.0,0.0,0.0,0.0,0.0
D1 MPC+VMC,randomized,132,oracle,none,6f4a4364baec90156312c0b7c9b283ae90a7cb12a05eba457cff406a627139cd,a95af400eafe9bb70db4211a1b6cad8f95b86f8f7ee2152f9bdd03101eec6a00,a36b91e99b28824d41acdda5157707ed14ee21e4d17d651b8c2af3e866cf621f,0.0,0.0,0.0,0.0,0.0,0.0,0,0,0.6098899073146471,,0.9313722913777985,1.1620996281206688,1.1343696282482012,1.0264743128609943,1,600,6.0,0.09296149088502914,0.6059298652917479,2.3962419406957522,12.33890200111678,0.19811497850328472,37.80537673147146,0.0,0.0,0.0,0.0,0.0,0.995,0,3.944620039248046,0.45579479847219767,0.0,0.0,0.0,0.0,0.0,0.0
D1 LQR+VMC+PPO,randomized,132,oracle,none,6f4a4364baec90156312c0b7c9b283ae90a7cb12a05eba457cff406a627139cd,a95af400eafe9bb70db4211a1b6cad8f95b86f8f7ee2152f9bdd03101eec6a00,a36b91e99b28824d41acdda5157707ed14ee21e4d17d651b8c2af3e866cf621f,0.0,0.0,0.0,0.0,0.0,0.0,0,0,0.6098899073146471,,0.9313722913777985,1.1620996281206688,1.1343696282482012,1.0264743128609943,1,600,6.0,0.18994544084055306,1.4414593147028734,3.4464563654797478,5.979230845926989,0.27048244197074195,294.1680724897618,0.0,0.31631074559520794,0.07332410982551449,-10.578099492145702,11.969238566622758,0.865,0,3.710017368036462,0.0,0.0,0.0,0.0,0.0,0.0,0.0
D1 LQR+VMC,randomized,133,oracle,none,91626afdc925fd4c06119e4d576fb766f934c3eb454af0192214822e7a8cff35,88ee8ee7ed9c598c83e9212cf32484a798c61f0b2b386a02b301df25b9ea2174,95a07559d2482661e15badf192867fbad9311eeae907de0887075b6672b62271,0.0,0.0,0.0,0.0,0.0,0.0,2,0,0.23794303657070237,,1.1145332790015046,1.030492392512524,0.8845519031870943,0.9652460868393753,1,600,6.0,0.24935394808852063,1.1248888895064306,2.911852689579706,8.882484142459681,0.21613164472415358,89.53136320258712,0.0,0.0,0.0,0.0,0.0,0.9883333333333333,0,3.5612376734391877,0.0,0.0,0.0,0.0,0.0,0.0,0.0
D1 MPC+VMC,randomized,133,oracle,none,91626afdc925fd4c06119e4d576fb766f934c3eb454af0192214822e7a8cff35,88ee8ee7ed9c598c83e9212cf32484a798c61f0b2b386a02b301df25b9ea2174,95a07559d2482661e15badf192867fbad9311eeae907de0887075b6672b62271,0.0,0.0,0.0,0.0,0.0,0.0,2,0,0.23794303657070237,,1.1145332790015046,1.030492392512524,0.8845519031870943,0.9652460868393753,1,600,6.0,0.20790733105576642,1.2985411351823168,3.1075246970392203,9.264023636371666,0.2207260717687371,82.2412982672697,0.0,0.0,0.0,0.0,0.0,0.9883333333333333,0,3.710765101797853,0.34946900414070103,0.0,0.0,0.0,0.0,0.0,0.0
D1 LQR+VMC+PPO,randomized,133,oracle,none,91626afdc925fd4c06119e4d576fb766f934c3eb454af0192214822e7a8cff35,88ee8ee7ed9c598c83e9212cf32484a798c61f0b2b386a02b301df25b9ea2174,95a07559d2482661e15badf192867fbad9311eeae907de0887075b6672b62271,0.0,0.0,0.0,0.0,0.0,0.0,2,0,0.23794303657070237,,1.1145332790015046,1.030492392512524,0.8845519031870943,0.9652460868393753,1,600,6.0,0.27070080153271037,1.0845372933494546,2.889798213105238,7.9705950669260694,0.21952248329661242,102.43788571748186,0.0,0.3880408795137591,0.07705169595692664,-12.549703226331621,11.993378047210475,0.995,0,3.53389813285926,0.0,0.0,0.0,0.0,0.0,0.0,0.0
D1 LQR+VMC,randomized,134,oracle,none,2f3f88873b85c2751b2ac22a3910bf026d617086ba9b44fde85d029dae4cf514,e5aa3494343ca1e2e74a96e6584c51d67767c742dba2d2414bc3e277645502c2,f03d89cac34314e61f5c270e426b71ade1f0844863ed84f254891163c941b6d3,0.0,0.0,0.0,0.0,0.0,0.0,3,0,0.796852264197088,,1.1130639464762684,1.0269182989567793,1.0037205315584476,1.0060237377134706,1,600,6.0,0.25041881457239346,0.8382672380786506,2.8211187654809198,7.543813546936931,0.22129907744873004,85.67513352080105,0.0,0.0,0.0,0.0,0.0,0.9866666666666667,0,3.6924578764524956,0.0,0.0,0.0,0.0,0.0,0.0,0.0
D1 MPC+VMC,randomized,134,oracle,none,2f3f88873b85c2751b2ac22a3910bf026d617086ba9b44fde85d029dae4cf514,e5aa3494343ca1e2e74a96e6584c51d67767c742dba2d2414bc3e277645502c2,f03d89cac34314e61f5c270e426b71ade1f0844863ed84f254891163c941b6d3,0.0,0.0,0.0,0.0,0.0,0.0,3,0,0.796852264197088,,1.1130639464762684,1.0269182989567793,1.0037205315584476,1.0060237377134706,1,600,6.0,0.2540331765860235,1.368665982623173,3.895048059424183,8.860385270924198,0.2210209049737577,83.69952617308573,0.0,0.0,0.0,0.0,0.0,0.965,0,3.713856470604116,0.3189076080161612,0.0,0.0,0.0,0.0,0.0,0.0
D1 LQR+VMC+PPO,randomized,134,oracle,none,2f3f88873b85c2751b2ac22a3910bf026d617086ba9b44fde85d029dae4cf514,e5aa3494343ca1e2e74a96e6584c51d67767c742dba2d2414bc3e277645502c2,f03d89cac34314e61f5c270e426b71ade1f0844863ed84f254891163c941b6d3,0.0,0.0,0.0,0.0,0.0,0.0,3,0,0.796852264197088,,1.1130639464762684,1.0269182989567793,1.0037205315584476,1.0060237377134706,1,600,6.0,0.2536303974495196,0.8211715630866343,2.9174155009820315,8.280668924226473,0.22188143242205677,89.70062086423052,0.0,0.3745887288591804,0.07863283584905957,-15.38567060418427,8.41731569794938,0.995,0,3.6580832681477324,0.0,0.0,0.0,0.0,0.0,0.0,0.0
D1 LQR+VMC,randomized,135,oracle,none,9274bf88edb30a532d7df77b01d98641b4421ee00133e497b252da55a709f37c,fab0fc12d16737fe6eb716cd2a5f6c6fc87baa068da5b69d3acc7c61a7d47e9b,7b1b420598fcad7dfdc9343bfdbaa71affa55955eba91962677657568b870a00,0.0,0.0,0.0,0.0,0.0,0.0,0,0,0.18435848819397416,,1.0206111294275515,0.9263370497375614,1.235489406189609,1.0474239035632644,1,600,6.0,0.271615064357106,1.1298258517170365,2.8796706230487197,7.81451981538679,0.2137130022244852,105.7584086077667,0.0,0.0,0.0,0.0,0.0,0.9883333333333333,0,3.5313438326685445,0.0,0.0,0.0,0.0,0.0,0.0,0.0
D1 MPC+VMC,randomized,135,oracle,none,9274bf88edb30a532d7df77b01d98641b4421ee00133e497b252da55a709f37c,fab0fc12d16737fe6eb716cd2a5f6c6fc87baa068da5b69d3acc7c61a7d47e9b,7b1b420598fcad7dfdc9343bfdbaa71affa55955eba91962677657568b870a00,0.0,0.0,0.0,0.0,0.0,0.0,0,0,0.18435848819397416,,1.0206111294275515,0.9263370497375614,1.235489406189609,1.0474239035632644,1,600,6.0,0.25307132959107853,1.8147032895692874,4.075555524446512,10.099946431429212,0.21799380697270104,110.77792318504626,0.0,0.0,0.0,0.0,0.0,0.9566666666666667,0,3.646365422657571,0.3145278453303035,0.0,0.0,0.0,0.0,0.0,0.0
D1 LQR+VMC+PPO,randomized,135,oracle,none,9274bf88edb30a532d7df77b01d98641b4421ee00133e497b252da55a709f37c,fab0fc12d16737fe6eb716cd2a5f6c6fc87baa068da5b69d3acc7c61a7d47e9b,7b1b420598fcad7dfdc9343bfdbaa71affa55955eba91962677657568b870a00,0.0,0.0,0.0,0.0,0.0,0.0,0,0,0.18435848819397416,,1.0206111294275515,0.9263370497375614,1.235489406189609,1.0474239035632644,1,600,6.0,0.2526613376583447,0.9528910426974002,2.352233522168542,6.906277860317808,0.21576970365855686,106.6778618405887,0.0,0.36382324420866663,0.07271434687884823,-10.318545080255717,-0.20332038973768551,0.9966666666666667,0,3.5774235988598617,0.0,0.0,0.0,0.0,0.0,0.0,0.0
D1 LQR+VMC,randomized,136,oracle,none,0b6b040113c637c45260d746bee58cf4786056d8971589861f23f4c48f7afdd8,aa3c03f2dc321410810d0d3c01d85cd887d66914cbe53aeb68451c11b9feb39d,9d8343864ff393c6b462aeca5f7bdf27063912f264cf7b77c22bdedae80afdb7,0.0,0.0,0.0,0.0,0.0,0.0,0,0,0.5061701011510521,,0.9280372446023853,0.8316009993033402,0.7257125674497298,0.9243368589466237,1,600,6.0,0.359889535868661,1.6639753462254192,4.633931640010772,8.519908918644747,0.28350247579334986,448.81596790746477,0.0,0.0,0.0,0.0,0.0,0.5483333333333333,0,3.265113935343435,0.0,0.0,0.0,0.0,0.0,0.0,0.0
D1 MPC+VMC,randomized,136,oracle,none,0b6b040113c637c45260d746bee58cf4786056d8971589861f23f4c48f7afdd8,aa3c03f2dc321410810d0d3c01d85cd887d66914cbe53aeb68451c11b9feb39d,9d8343864ff393c6b462aeca5f7bdf27063912f264cf7b77c22bdedae80afdb7,0.0,0.0,0.0,0.0,0.0,0.0,0,0,0.5061701011510521,,0.9280372446023853,0.8316009993033402,0.7257125674497298,0.9243368589466237,1,600,6.0,0.3696935159458199,1.8810939787712004,7.464247679231863,8.61370772588316,0.28474088252668794,431.95261741843615,0.0,0.0,0.0,0.0,0.0,0.575,0,3.317573967744291,0.3680981397337745,0.0,0.0,0.0,0.0,0.0,0.0
D1 LQR+VMC+PPO,randomized,136,oracle,none,0b6b040113c637c45260d746bee58cf4786056d8971589861f23f4c48f7afdd8,aa3c03f2dc321410810d0d3c01d85cd887d66914cbe53aeb68451c11b9feb39d,9d8343864ff393c6b462aeca5f7bdf27063912f264cf7b77c22bdedae80afdb7,0.0,0.0,0.0,0.0,0.0,0.0,0,0,0.5061701011510521,,0.9280372446023853,0.8316009993033402,0.7257125674497298,0.9243368589466237,1,600,6.0,0.36927609433116676,1.6292030670246997,4.27005640749062,10.871832149882934,0.2839911330134322,451.68989594523,0.0,0.4265189825274104,0.07534154895835768,-7.859327629138716,12.878727602073923,0.5016666666666667,0,3.126548665612059,0.0,0.0,0.0,0.0,0.0,0.0,0.0
D1 LQR+VMC,randomized,137,oracle,none,2a4f67a308a95fe4a03ab4b2f96a51ca60bd1a5ee8d23757a0cc05febe27da7d,06841b06f017018e694a03c665f528c6a3027297860f2640785ac8eab21d8721,15051614010a2ae4b6a6f27d61cdddf53d0c43f3d7063c62c0349becbca3ec8c,0.0,0.0,0.0,0.0,0.0,0.0,2,0,0.4755494744399754,,1.0888000513445704,0.9237705849939278,0.9275175429514981,0.9750643930020666,1,600,6.0,0.14513801357803702,0.488953514820667,1.6121353942948133,5.498906370718527,0.23067008656404345,128.89537140826525,0.0,0.0,0.0,0.0,0.0,0.975,0,3.9638823384167563,0.0,0.0,0.0,0.0,0.0,0.0,0.0
D1 MPC+VMC,randomized,137,oracle,none,2a4f67a308a95fe4a03ab4b2f96a51ca60bd1a5ee8d23757a0cc05febe27da7d,06841b06f017018e694a03c665f528c6a3027297860f2640785ac8eab21d8721,15051614010a2ae4b6a6f27d61cdddf53d0c43f3d7063c62c0349becbca3ec8c,0.0,0.0,0.0,0.0,0.0,0.0,2,0,0.4755494744399754,,1.0888000513445704,0.9237705849939278,0.9275175429514981,0.9750643930020666,1,600,6.0,0.13917948152692622,0.6088264378440991,1.9574730830110063,4.897171397195233,0.21283234495455183,54.67588217453774,0.0,0.0,0.0,0.0,0.0,0.995,0,3.991168866484239,0.37183754975558253,0.0,0.0,0.0,0.0,0.0,0.0
D1 LQR+VMC+PPO,randomized,137,oracle,none,2a4f67a308a95fe4a03ab4b2f96a51ca60bd1a5ee8d23757a0cc05febe27da7d,06841b06f017018e694a03c665f528c6a3027297860f2640785ac8eab21d8721,15051614010a2ae4b6a6f27d61cdddf53d0c43f3d7063c62c0349becbca3ec8c,0.0,0.0,0.0,0.0,0.0,0.0,2,0,0.4755494744399754,,1.0888000513445704,0.9237705849939278,0.9275175429514981,0.9750643930020666,1,600,6.0,0.11872753486167378,1.0106670492327288,3.4445749053925168,7.3431862443035,0.26332122777694167,294.53071772234665,0.0,0.3929923203426358,0.07137854890646207,-17.071888484386726,21.87426433136376,0.8316666666666667,0,3.9405115734431693,0.0,0.0,0.0,0.0,0.0,0.0,0.0
D1 LQR+VMC,randomized,138,oracle,none,a87196d591cd1b124fae75e15168ddbcee919ea14b4c8dd66ebe93aceddffb99,69fc3f8b5a24da730923cc3f9b8ed89d42e9bf1e571ebe5dfd998b4c85716a46,729cd1b1287ed549be8fc6fb62294df13f57ba99a05fb347e17c746e74f86983,0.0,0.0,0.0,0.0,0.0,0.0,3,0,0.5922986681567847,,1.0260864405663987,1.1534392747267768,1.014310206220799,1.037683491019551,1,600,6.0,0.13259472059026015,0.49557368771716914,1.3822733394984392,8.037129948817233,0.21362604070855265,65.58269076190588,0.0,0.0,0.0,0.0,0.0,0.9966666666666667,0,3.916056661864442,0.0,0.0,0.0,0.0,0.0,0.0,0.0
D1 MPC+VMC,randomized,138,oracle,none,a87196d591cd1b124fae75e15168ddbcee919ea14b4c8dd66ebe93aceddffb99,69fc3f8b5a24da730923cc3f9b8ed89d42e9bf1e571ebe5dfd998b4c85716a46,729cd1b1287ed549be8fc6fb62294df13f57ba99a05fb347e17c746e74f86983,0.0,0.0,0.0,0.0,0.0,0.0,3,0,0.5922986681567847,,1.0260864405663987,1.1534392747267768,1.014310206220799,1.037683491019551,1,600,6.0,0.12376769538924788,0.7081147169418528,1.962979974440934,8.127951015428762,0.21497539358177076,49.05363142454419,0.0,0.0,0.0,0.0,0.0,0.9966666666666667,0,3.9538615938132033,0.44073129829484964,0.0,0.0,0.0,0.0,0.0,0.0
D1 LQR+VMC+PPO,randomized,138,oracle,none,a87196d591cd1b124fae75e15168ddbcee919ea14b4c8dd66ebe93aceddffb99,69fc3f8b5a24da730923cc3f9b8ed89d42e9bf1e571ebe5dfd998b4c85716a46,729cd1b1287ed549be8fc6fb62294df13f57ba99a05fb347e17c746e74f86983,0.0,0.0,0.0,0.0,0.0,0.0,3,0,0.5922986681567847,,1.0260864405663987,1.1534392747267768,1.014310206220799,1.037683491019551,1,600,6.0,0.1337507542626136,0.4698308686575276,1.3639507312354984,9.749009187715812,0.21560905371232447,76.11781003841408,0.0,0.33579694343826944,0.07774818029818589,-16.974178551184014,11.443360493068273,0.9966666666666667,0,3.863708064579802,0.0,0.0,0.0,0.0,0.0,0.0,0.0
D1 LQR+VMC,randomized,139,oracle,none,4b9ec66fd21703f032f7919791f719bdd8cad769b2c0ffb23f9e4c336830904e,cee5681ffa8f68cc5bc77403c32637cc51c3383a36191b1f9e5b3a09255b2f07,99100d21a62e412c272d14402a60d3ff76f4e822f90d2c87d13edec41131a577,0.0,0.0,0.0,0.0,0.0,0.0,3,0,0.08723895875093013,,0.9916877504478899,1.0601320918636594,0.7421981782903972,0.8648196297883745,1,600,6.0,0.25406828988764174,0.9394748834619673,2.605142098373528,10.866646855798516,0.2118843169595872,83.39518821385863,0.0,0.0,0.0,0.0,0.0,0.9816666666666667,0,3.601577717298432,0.0,0.0,0.0,0.0,0.0,0.0,0.0
D1 MPC+VMC,randomized,139,oracle,none,4b9ec66fd21703f032f7919791f719bdd8cad769b2c0ffb23f9e4c336830904e,cee5681ffa8f68cc5bc77403c32637cc51c3383a36191b1f9e5b3a09255b2f07,99100d21a62e412c272d14402a60d3ff76f4e822f90d2c87d13edec41131a577,0.0,0.0,0.0,0.0,0.0,0.0,3,0,0.08723895875093013,,0.9916877504478899,1.0601320918636594,0.7421981782903972,0.8648196297883745,1,600,6.0,0.25626636249190765,1.4845023099295795,3.635829107885746,12.448709814521806,0.21567704009416655,83.91070133027571,0.0,0.0,0.0,0.0,0.0,0.9683333333333334,0,3.620685591852866,0.3207149893569294,0.0,0.0,0.0,0.0,0.0,0.0
D1 LQR+VMC+PPO,randomized,139,oracle,none,4b9ec66fd21703f032f7919791f719bdd8cad769b2c0ffb23f9e4c336830904e,cee5681ffa8f68cc5bc77403c32637cc51c3383a36191b1f9e5b3a09255b2f07,99100d21a62e412c272d14402a60d3ff76f4e822f90d2c87d13edec41131a577,0.0,0.0,0.0,0.0,0.0,0.0,3,0,0.08723895875093013,,0.9916877504478899,1.0601320918636594,0.7421981782903972,0.8648196297883745,1,600,6.0,0.2538959423776304,1.1247304199870392,3.1207186010557666,9.491494704618775,0.2556159957242617,276.6964976005111,0.0,0.34194329565836884,0.07702471416198586,-10.366381775471382,6.83707253858447,0.7933333333333333,0,3.56683589233526,0.0,0.0,0.0,0.0,0.0,0.0,0.0
D1 LQR+VMC,randomized,140,oracle,none,7f74dc97c251ce37e5b136b179604fb1dd6e68ab42d433bae40fd0f98cb78ec7,e97a194402d605c4f51a77c2b32c740b3d5ffbeb57c2eb9a787edc464822d293,4e4390bfd2fd54eb18376807d7e6eb4ee461c11ab733b2815732cdfc43e7ad37,0.0,0.0,0.0,0.0,0.0,0.0,1,0,0.5587261161763294,,1.0468764109858262,1.0796083124508884,1.1096043279598042,0.8946372269760438,1,600,6.0,0.2253930527385581,1.266000400679516,3.4837500414913816,10.658304601381396,0.26486498208150305,277.6083705642363,0.0,0.0,0.0,0.0,0.0,0.885,0,3.5455072663824825,0.0,0.0,0.0,0.0,0.0,0.0,0.0
D1 MPC+VMC,randomized,140,oracle,none,7f74dc97c251ce37e5b136b179604fb1dd6e68ab42d433bae40fd0f98cb78ec7,e97a194402d605c4f51a77c2b32c740b3d5ffbeb57c2eb9a787edc464822d293,4e4390bfd2fd54eb18376807d7e6eb4ee461c11ab733b2815732cdfc43e7ad37,0.0,0.0,0.0,0.0,0.0,0.0,1,0,0.5587261161763294,,1.0468764109858262,1.0796083124508884,1.1096043279598042,0.8946372269760438,1,600,6.0,0.17467375314392725,1.074913523613291,2.3886435177174783,6.21665557119727,0.2199726801174529,54.48700091421319,0.0,0.0,0.0,0.0,0.0,0.9983333333333333,0,3.8519176473772383,0.40148559055523947,0.0,0.0,0.0,0.0,0.0,0.0
D1 LQR+VMC+PPO,randomized,140,oracle,none,7f74dc97c251ce37e5b136b179604fb1dd6e68ab42d433bae40fd0f98cb78ec7,e97a194402d605c4f51a77c2b32c740b3d5ffbeb57c2eb9a787edc464822d293,4e4390bfd2fd54eb18376807d7e6eb4ee461c11ab733b2815732cdfc43e7ad37,0.0,0.0,0.0,0.0,0.0,0.0,1,0,0.5587261161763294,,1.0468764109858262,1.0796083124508884,1.1096043279598042,0.8946372269760438,1,600,6.0,0.2222085961284037,1.223636548001839,3.388811973280115,10.014952147079159,0.2692628901739951,301.8183046775104,0.0,0.298621582940373,0.07250842300814347,-9.034959354135207,2.7103834931738673,0.8716666666666667,0,3.5541770141700986,0.0,0.0,0.0,0.0,0.0,0.0,0.0
D1 LQR+VMC,randomized,141,oracle,none,5cd8044e2d3f1a8b1454a26d2031d9f75a8f76c27a45e48245f35b99785682ee,695a926545c5c8724a3fe1f51f39a1eaac9d01192e9c20d09835be872f96ed8d,8b42094b3a8b8a4215d000b4faa6c6953af747b32ad7ddb895a12d9f558392ec,0.0,0.0,0.0,0.0,0.0,0.0,1,0,0.6003619096847941,,1.0619852316253795,1.2488134642576083,0.6512005159852253,0.8862314635231168,1,600,6.0,0.2348418815956843,0.8237158357917742,2.198737249657986,7.889277447466855,0.21703874457692646,72.13459239468246,0.0,0.0,0.0,0.0,0.0,0.9966666666666667,0,3.770097615788129,0.0,0.0,0.0,0.0,0.0,0.0,0.0
D1 MPC+VMC,randomized,141,oracle,none,5cd8044e2d3f1a8b1454a26d2031d9f75a8f76c27a45e48245f35b99785682ee,695a926545c5c8724a3fe1f51f39a1eaac9d01192e9c20d09835be872f96ed8d,8b42094b3a8b8a4215d000b4faa6c6953af747b32ad7ddb895a12d9f558392ec,0.0,0.0,0.0,0.0,0.0,0.0,1,0,0.6003619096847941,,1.0619852316253795,1.2488134642576083,0.6512005159852253,0.8862314635231168,1,600,6.0,0.2202923740578412,1.1408895102452001,3.243023937693312,8.139730800724264,0.2237186013619641,69.50914447278977,0.0,0.0,0.0,0.0,0.0,0.995,0,3.8380713874241312,0.45009188979747705,0.0,0.0,0.0,0.0,0.0,0.0
D1 LQR+VMC+PPO,randomized,141,oracle,none,5cd8044e2d3f1a8b1454a26d2031d9f75a8f76c27a45e48245f35b99785682ee,695a926545c5c8724a3fe1f51f39a1eaac9d01192e9c20d09835be872f96ed8d,8b42094b3a8b8a4215d000b4faa6c6953af747b32ad7ddb895a12d9f558392ec,0.0,0.0,0.0,0.0,0.0,0.0,1,0,0.6003619096847941,,1.0619852316253795,1.2488134642576083,0.6512005159852253,0.8862314635231168,1,600,6.0,0.23688242337894488,0.7904806745369276,2.135108386003497,8.533575977800885,0.21843029897509159,80.32039544628581,0.0,0.3734761289797115,0.07664131725133794,-15.202671638550237,4.897727978322655,0.9966666666666667,0,3.7244185664643252,0.0,0.0,0.0,0.0,0.0,0.0,0.0
D1 LQR+VMC,randomized,142,oracle,none,f04f8d440efae5685de2555afca2ac1bf6e423c9a7be51b2af2cc9212a5d75ea,08111758dc0042e1b28b156e540ce96857b81190bec65f45933ec367c29d9ba5,a8d5789a9cc4299e8a863129ac5c7e9442a8300812b9a97b64cb1fcb05356eda,0.0,0.0,0.0,0.0,0.0,0.0,0,0,0.9082526095311896,,0.9049038144441932,0.8483710141125314,1.0710901939059994,1.0421396301432335,1,600,6.0,0.23510334208461062,0.8292352744745202,1.907489019524003,15.083287872786734,0.21419778003272855,88.80989785785049,0.0,0.0,0.0,0.0,0.0,0.995,0,3.4884879410252423,0.0,0.0,0.0,0.0,0.0,0.0,0.0
D1 MPC+VMC,randomized,142,oracle,none,f04f8d440efae5685de2555afca2ac1bf6e423c9a7be51b2af2cc9212a5d75ea,08111758dc0042e1b28b156e540ce96857b81190bec65f45933ec367c29d9ba5,a8d5789a9cc4299e8a863129ac5c7e9442a8300812b9a97b64cb1fcb05356eda,0.0,0.0,0.0,0.0,0.0,0.0,0,0,0.9082526095311896,,0.9049038144441932,0.8483710141125314,1.0710901939059994,1.0421396301432335,1,600,6.0,0.2105602773154414,1.1130865249339221,2.350297011315746,11.576648746561677,0.25553503054401056,257.3770874596549,0.0,0.0,0.0,0.0,0.0,0.84,0,3.6609151130900606,0.4598562489263712,0.0,0.0,0.0,0.0,0.0,0.0
D1 LQR+VMC+PPO,randomized,142,oracle,none,f04f8d440efae5685de2555afca2ac1bf6e423c9a7be51b2af2cc9212a5d75ea,08111758dc0042e1b28b156e540ce96857b81190bec65f45933ec367c29d9ba5,a8d5789a9cc4299e8a863129ac5c7e9442a8300812b9a97b64cb1fcb05356eda,0.0,0.0,0.0,0.0,0.0,0.0,0,0,0.9082526095311896,,0.9049038144441932,0.8483710141125314,1.0710901939059994,1.0421396301432335,1,600,6.0,0.23093006709419514,0.8187508551703699,1.9805922260318367,14.669859659881057,0.21219516421313767,85.15812408588546,0.0,0.3160558666306945,0.07770387798965316,-12.86412435946986,-2.095883178974812,0.995,0,3.476936328361259,0.0,0.0,0.0,0.0,0.0,0.0,0.0
D1 LQR+VMC,randomized,143,oracle,none,79fa963c93a04ccf7842d00df394cb18aa9cd06b4a950428adbacce81db694ab,463c73fc00dae98d96320541191103fe95d178b75fd927f06e78e901cd12d6de,60d304ae1bb1dcaaad3197f1ea53b263e4f7d24bb405f8c2b2e63b435c6d9a37,0.0,0.0,0.0,0.0,0.0,0.0,3,0,0.8820314326067539,,0.9909304351460378,1.2395564452287589,0.9786749919453452,0.9808594515412972,1,600,6.0,0.33476983090334245,1.3059523589896893,4.694183942635084,9.66650116349474,0.21230870950348518,73.31930319636564,0.0,0.0,0.0,0.0,0.0,0.9683333333333334,0,3.5382941312788625,0.0,0.0,0.0,0.0,0.0,0.0,0.0
D1 MPC+VMC,randomized,143,oracle,none,79fa963c93a04ccf7842d00df394cb18aa9cd06b4a950428adbacce81db694ab,463c73fc00dae98d96320541191103fe95d178b75fd927f06e78e901cd12d6de,60d304ae1bb1dcaaad3197f1ea53b263e4f7d24bb405f8c2b2e63b435c6d9a37,0.0,0.0,0.0,0.0,0.0,0.0,3,0,0.8820314326067539,,0.9909304351460378,1.2395564452287589,0.9786749919453452,0.9808594515412972,1,600,6.0,0.32280651882392475,1.7013136518958172,6.505446342974758,9.933737980551193,0.2177341804719345,70.80613803123934,0.0,0.0,0.0,0.0,0.0,0.9283333333333333,0,3.688316761557685,0.4295055026886983,0.0,0.0,0.0,0.0,0.0,0.0
D1 LQR+VMC+PPO,randomized,143,oracle,none,79fa963c93a04ccf7842d00df394cb18aa9cd06b4a950428adbacce81db694ab,463c73fc00dae98d96320541191103fe95d178b75fd927f06e78e901cd12d6de,60d304ae1bb1dcaaad3197f1ea53b263e4f7d24bb405f8c2b2e63b435c6d9a37,0.0,0.0,0.0,0.0,0.0,0.0,3,0,0.8820314326067539,,0.9909304351460378,1.2395564452287589,0.9786749919453452,0.9808594515412972,1,600,6.0,0.31534994732036997,1.1539291290599576,3.8660364630145954,8.106632215337585,0.21380479604562566,84.7100613007296,0.0,0.37223051534350354,0.07932946159029991,-9.077577848592773,3.267508831868569,0.98,0,3.5494550372498375,0.0,0.0,0.0,0.0,0.0,0.0,0.0
D1 LQR+VMC,randomized,144,oracle,none,d45c2bf29164fbcb855e615061848724f956e6b1d25140aaa9ab3879f96c8d3c,ec7d02beb4eb163036262ce05b52c63b0441bebd5b941895e4c924d68220570e,b02239e4e8563b51908a74158fe9913d348b71d7cf8ede5a346cba850a47cec4,0.0,0.0,0.0,0.0,0.0,0.0,1,0,0.07230802253535162,,1.0744076047998323,0.8268593149472696,0.8447888207561627,0.8684242825157816,1,600,6.0,0.5042985539354914,2.328070046232942,7.102861747668184,6.453301498348089,0.27915035776538516,351.6485304110626,0.0020833333333333333,0.0,0.0,0.0,0.0,0.7633333333333333,0,3.2976910902800243,0.0,0.0,0.0,0.0,0.0,0.0,0.0
D1 MPC+VMC,randomized,144,oracle,none,d45c2bf29164fbcb855e615061848724f956e6b1d25140aaa9ab3879f96c8d3c,ec7d02beb4eb163036262ce05b52c63b0441bebd5b941895e4c924d68220570e,b02239e4e8563b51908a74158fe9913d348b71d7cf8ede5a346cba850a47cec4,0.0,0.0,0.0,0.0,0.0,0.0,1,0,0.07230802253535162,,1.0744076047998323,0.8268593149472696,0.8447888207561627,0.8684242825157816,1,600,6.0,0.3370261000154192,1.9251993692899345,6.081691707366694,7.211660712157257,0.2701970368058157,286.757868499673,0.0011458333333333333,0.0,0.0,0.0,0.0,0.825,0,3.478966241811529,0.46876820342731657,0.0,0.0,0.0,0.0,0.0,0.0
D1 LQR+VMC+PPO,randomized,144,oracle,none,d45c2bf29164fbcb855e615061848724f956e6b1d25140aaa9ab3879f96c8d3c,ec7d02beb4eb163036262ce05b52c63b0441bebd5b941895e4c924d68220570e,b02239e4e8563b51908a74158fe9913d348b71d7cf8ede5a346cba850a47cec4,0.0,0.0,0.0,0.0,0.0,0.0,1,0,0.07230802253535162,,1.0744076047998323,0.8268593149472696,0.8447888207561627,0.8684242825157816,1,600,6.0,0.47076148737523066,2.333204016405965,6.3519237131290165,7.170946069408524,0.2824566033254467,381.4908200725908,0.001875,0.5459956038570608,0.07768423111605827,-11.752677542064339,23.218443260388447,0.7283333333333334,0,3.202928965399038,0.0,0.0,0.0,0.0,0.0,0.0,0.0
D1 LQR+VMC,randomized,145,oracle,none,fb7ce80d4627d5a68a06e355a7fddebe3b63c7cb1cdc1122a42c8084ce2a4de1,a928a4961e411582748ba78f0f3a471bfb7149c89891e66183931c146be67d66,4fc753d0ff59cfb753a1d26ae549ddd6f6127b893f2d13af9b76971eec16c74f,0.0,0.0,0.0,0.0,0.0,0.0,3,0,0.6813701167640616,,1.032138722449388,0.9208704170368199,1.2157391964787247,0.8918780256418402,1,600,6.0,0.3493689663216083,1.4261791934552228,4.261860214956511,9.16546213754386,0.24590171751560028,204.34241824382846,0.0,0.0,0.0,0.0,0.0,0.9216666666666666,0,3.358248746217692,0.0,0.0,0.0,0.0,0.0,0.0,0.0
D1 MPC+VMC,randomized,145,oracle,none,fb7ce80d4627d5a68a06e355a7fddebe3b63c7cb1cdc1122a42c8084ce2a4de1,a928a4961e411582748ba78f0f3a471bfb7149c89891e66183931c146be67d66,4fc753d0ff59cfb753a1d26ae549ddd6f6127b893f2d13af9b76971eec16c74f,0.0,0.0,0.0,0.0,0.0,0.0,3,0,0.6813701167640616,,1.032138722449388,0.9208704170368199,1.2157391964787247,0.8918780256418402,1,600,6.0,0.3240663517920596,1.704120540144578,6.469175445374886,10.09317727876001,0.2407116542095762,178.09301666604884,0.0,0.0,0.0,0.0,0.0,0.9266666666666666,0,3.5409064482646255,0.4455577596672809,0.0,0.0,0.0,0.0,0.0,0.0
D1 LQR+VMC+PPO,randomized,145,oracle,none,fb7ce80d4627d5a68a06e355a7fddebe3b63c7cb1cdc1122a42c8084ce2a4de1,a928a4961e411582748ba78f0f3a471bfb7149c89891e66183931c146be67d66,4fc753d0ff59cfb753a1d26ae549ddd6f6127b893f2d13af9b76971eec16c74f,0.0,0.0,0.0,0.0,0.0,0.0,3,0,0.6813701167640616,,1.032138722449388,0.9208704170368199,1.2157391964787247,0.8918780256418402,1,600,6.0,0.4116040333236571,1.7376464089647563,5.163413187646781,11.71167601569723,0.2585824633592518,262.8671691477031,0.0007291666666666667,0.458137448013261,0.07862831641001214,-12.526118942862377,14.906601159383232,0.8916666666666667,0,3.1664110002385857,0.0,0.0,0.0,0.0,0.0,0.0,0.0
D1 LQR+VMC,randomized,146,oracle,none,fe60999412439499e313326d7db7d1d7bf8017f0bebd866464547e7db0cd2bfb,f8a78618c5037e6fdabe4891163c0101f27eea2d7a5c9f32e2e5fa7865e773fa,30bd223300312656bf1e1f2c108447c1e68e74eaef3ff7987d98c676b0d4cc64,0.0,0.0,0.0,0.0,0.0,0.0,1,0,0.15881862545099124,,1.0761108894023355,0.9705705341216071,0.9262106578526572,0.917880647232726,1,600,6.0,0.3537204440122327,1.3757955896116876,5.193264551466428,6.977850535437463,0.21924906275035047,97.27309720132375,0.0,0.0,0.0,0.0,0.0,0.9616666666666667,0,3.348995468723053,0.0,0.0,0.0,0.0,0.0,0.0,0.0
D1 MPC+VMC,randomized,146,oracle,none,fe60999412439499e313326d7db7d1d7bf8017f0bebd866464547e7db0cd2bfb,f8a78618c5037e6fdabe4891163c0101f27eea2d7a5c9f32e2e5fa7865e773fa,30bd223300312656bf1e1f2c108447c1e68e74eaef3ff7987d98c676b0d4cc64,0.0,0.0,0.0,0.0,0.0,0.0,1,0,0.15881862545099124,,1.0761108894023355,0.9705705341216071,0.9262106578526572,0.917880647232726,1,600,6.0,0.3144079215399213,2.036793100529737,5.979208391448101,10.975819476633678,0.2918568692615476,388.72758002473023,0.00125,0.0,0.0,0.0,0.0,0.7466666666666667,0,3.487815515567857,0.47613910210202437,0.0,0.0,0.0,0.0,0.0,0.0
D1 LQR+VMC+PPO,randomized,146,oracle,none,fe60999412439499e313326d7db7d1d7bf8017f0bebd866464547e7db0cd2bfb,f8a78618c5037e6fdabe4891163c0101f27eea2d7a5c9f32e2e5fa7865e773fa,30bd223300312656bf1e1f2c108447c1e68e74eaef3ff7987d98c676b0d4cc64,0.0,0.0,0.0,0.0,0.0,0.0,1,0,0.15881862545099124,,1.0761108894023355,0.9705705341216071,0.9262106578526572,0.917880647232726,1,600,6.0,0.3450790694520479,1.1793109011575436,3.940701181813011,5.9391800165657225,0.2198958504409756,97.02107165302313,0.0,0.38289145765824095,0.07953369114555481,-9.301691112248227,-1.9503751625772565,0.98,0,3.3737312562231923,0.0,0.0,0.0,0.0,0.0,0.0,0.0
D1 LQR+VMC,randomized,147,oracle,none,3a15e6d18f04a4d7695a649049e9fd39b4d68d6896986c47cb0ce2983bde40f6,b3e8d1cd4c6f8250ee9ad07e957ef1df79003e8fadcc56cc33749ba2f4ff969e,d34ff5d0f531442aa63425bb7e6e1dd167a27e7378cae21d9e4dce8220a14e69,0.0,0.0,0.0,0.0,0.0,0.0,1,0,0.2827556950426293,,1.11768706988836,1.1519535828852017,1.0614676383973065,0.9600221712091143,1,600,6.0,0.4375454979096791,1.4746341367166018,3.2318225248282157,9.307080061032085,0.23037118088307743,96.03528230457394,0.0,0.0,0.0,0.0,0.0,0.99,0,3.149148936409998,0.0,0.0,0.0,0.0,0.0,0.0,0.0
D1 MPC+VMC,randomized,147,oracle,none,3a15e6d18f04a4d7695a649049e9fd39b4d68d6896986c47cb0ce2983bde40f6,b3e8d1cd4c6f8250ee9ad07e957ef1df79003e8fadcc56cc33749ba2f4ff969e,d34ff5d0f531442aa63425bb7e6e1dd167a27e7378cae21d9e4dce8220a14e69,0.0,0.0,0.0,0.0,0.0,0.0,1,0,0.2827556950426293,,1.11768706988836,1.1519535828852017,1.0614676383973065,0.9600221712091143,1,600,6.0,0.4539245732525036,2.1356672912073633,4.441141547322674,9.59609877995482,0.24925523531372792,149.2924162407615,0.0,0.0,0.0,0.0,0.0,0.9416666666666667,0,3.241802372672396,0.3766547873965464,0.0,0.0,0.0,0.0,0.0,0.0
D1 LQR+VMC+PPO,randomized,147,oracle,none,3a15e6d18f04a4d7695a649049e9fd39b4d68d6896986c47cb0ce2983bde40f6,b3e8d1cd4c6f8250ee9ad07e957ef1df79003e8fadcc56cc33749ba2f4ff969e,d34ff5d0f531442aa63425bb7e6e1dd167a27e7378cae21d9e4dce8220a14e69,0.0,0.0,0.0,0.0,0.0,0.0,1,0,0.2827556950426293,,1.11768706988836,1.1519535828852017,1.0614676383973065,0.9600221712091143,1,600,6.0,0.4305307327760904,1.3876172943768372,3.1376095384696705,7.2074393681539135,0.23068163295521144,101.88235851696889,0.0,0.48358038338666604,0.07727711593663729,-18.150636141886935,12.929570310609416,0.9933333333333333,0,3.1405096813629756,0.0,0.0,0.0,0.0,0.0,0.0,0.0
D1 LQR+VMC,randomized,148,oracle,none,1969e17f4cdf659c2e7642ae14c311c2c0934d9a484ae8076c2da89ac8186ad9,36ad57737e4ba00dce497eae4b2a44ad34aa7b4dfecd8a7e8a0dce18adefab21,9602cabcb60ace23c8bdc0e2e58025062580c0a335d966d77800125e0917f1c7,0.0,0.0,0.0,0.0,0.0,0.0,3,0,0.9441577679252432,,1.0402388344614464,1.0474852137614152,1.130122177440941,0.9840954979980934,1,600,6.0,0.28152022709590824,1.115366126493993,3.002849747383513,12.94115304394335,0.2129888448712923,80.40464948594519,0.0,0.0,0.0,0.0,0.0,0.9833333333333333,0,3.4707100864264917,0.0,0.0,0.0,0.0,0.0,0.0,0.0
D1 MPC+VMC,randomized,148,oracle,none,1969e17f4cdf659c2e7642ae14c311c2c0934d9a484ae8076c2da89ac8186ad9,36ad57737e4ba00dce497eae4b2a44ad34aa7b4dfecd8a7e8a0dce18adefab21,9602cabcb60ace23c8bdc0e2e58025062580c0a335d966d77800125e0917f1c7,0.0,0.0,0.0,0.0,0.0,0.0,3,0,0.9441577679252432,,1.0402388344614464,1.0474852137614152,1.130122177440941,0.9840954979980934,1,600,6.0,0.2815407807311517,1.7068586876365928,4.484499275534878,14.316948364082592,0.21559785698959177,76.17517082600251,0.0,0.0,0.0,0.0,0.0,0.9583333333333334,0,3.4757737708672334,0.3546242463926317,0.0,0.0,0.0,0.0,0.0,0.0
D1 LQR+VMC+PPO,randomized,148,oracle,none,1969e17f4cdf659c2e7642ae14c311c2c0934d9a484ae8076c2da89ac8186ad9,36ad57737e4ba00dce497eae4b2a44ad34aa7b4dfecd8a7e8a0dce18adefab21,9602cabcb60ace23c8bdc0e2e58025062580c0a335d966d77800125e0917f1c7,0.0,0.0,0.0,0.0,0.0,0.0,3,0,0.9441577679252432,,1.0402388344614464,1.0474852137614152,1.130122177440941,0.9840954979980934,1,600,6.0,0.28120990202719454,1.2219271525325854,3.053633577484254,10.892537240390912,0.24426304499676263,207.91780121463557,0.0,0.36969297038764987,0.07786896119215772,-12.595946887345054,11.34452200466767,0.9333333333333333,0,3.397223337692132,0.0,0.0,0.0,0.0,0.0,0.0,0.0
D1 LQR+VMC,randomized,149,oracle,none,dcd3737413c1060651ade4b19d3faa71591e54f1ec9c252f3580da310352a02e,5890120f9c3a945fee0fc3d3c7df412320de7e8ad9405442262a6f7e9c68575f,804fe5ba38a1e9fdef1784183dfaecaa8f0a6e3a9730ba1e0cb2d3a0b4dd5438,0.0,0.0,0.0,0.0,0.0,0.0,2,0,0.19845999906672218,,0.9180456539681073,0.9174989713286356,0.7940223325506199,0.9976903932111862,1,600,6.0,0.5048254429659623,2.434875996601165,6.198300169015586,9.907580690242119,0.28696547072556544,411.01411435228397,0.0,0.0,0.0,0.0,0.0,0.6416666666666667,0,3.0157378554970222,0.0,0.0,0.0,0.0,0.0,0.0,0.0
D1 MPC+VMC,randomized,149,oracle,none,dcd3737413c1060651ade4b19d3faa71591e54f1ec9c252f3580da310352a02e,5890120f9c3a945fee0fc3d3c7df412320de7e8ad9405442262a6f7e9c68575f,804fe5ba38a1e9fdef1784183dfaecaa8f0a6e3a9730ba1e0cb2d3a0b4dd5438,0.0,0.0,0.0,0.0,0.0,0.0,2,0,0.19845999906672218,,0.9180456539681073,0.9174989713286356,0.7940223325506199,0.9976903932111862,1,600,6.0,0.3161845146945894,1.6625612136088626,4.9815003340177935,10.542318838908667,0.24641619123779848,215.5952729768927,0.0,0.0,0.0,0.0,0.0,0.8033333333333333,0,3.492129134440167,0.3543734972481616,0.0,0.0,0.0,0.0,0.0,0.0
D1 LQR+VMC+PPO,randomized,149,oracle,none,dcd3737413c1060651ade4b19d3faa71591e54f1ec9c252f3580da310352a02e,5890120f9c3a945fee0fc3d3c7df412320de7e8ad9405442262a6f7e9c68575f,804fe5ba38a1e9fdef1784183dfaecaa8f0a6e3a9730ba1e0cb2d3a0b4dd5438,0.0,0.0,0.0,0.0,0.0,0.0,2,0,0.19845999906672218,,0.9180456539681073,0.9174989713286356,0.7940223325506199,0.9976903932111862,1,600,6.0,0.4348251352380091,2.188214329485497,5.265280079469495,10.412641450207992,0.28809806197995536,421.99276899508527,0.0004166666666666667,0.42382175243245895,0.07462211203229441,-2.745240808557719,6.236777032942822,0.6083333333333333,0,3.0369514893938185,0.0,0.0,0.0,0.0,0.0,0.0,0.0
D1 LQR+VMC,randomized,150,oracle,none,bc992c5a2a657b5aad63cffe71a4ed6a08d7ce99baf858b99e9a376956f08fec,7e56980219563b71e271c8c26d045d414b38c2796bf4350f693550f6eee0f00e,7b4f1083faa4d8d36e184da139dc0b28a4fc37db1636db9b72245f28f1f32287,0.0,0.0,0.0,0.0,0.0,0.0,2,0,0.7322625609228085,,0.9010608496924545,1.2188541579664647,1.1599784371381194,0.9168649918548842,1,600,6.0,0.19940340331103576,0.6267004302282345,1.7924957276117255,9.896435559802805,0.2076684951775959,83.78388526064761,0.0,0.0,0.0,0.0,0.0,0.995,0,3.7331388676329196,0.0,0.0,0.0,0.0,0.0,0.0,0.0
D1 MPC+VMC,randomized,150,oracle,none,bc992c5a2a657b5aad63cffe71a4ed6a08d7ce99baf858b99e9a376956f08fec,7e56980219563b71e271c8c26d045d414b38c2796bf4350f693550f6eee0f00e,7b4f1083faa4d8d36e184da139dc0b28a4fc37db1636db9b72245f28f1f32287,0.0,0.0,0.0,0.0,0.0,0.0,2,0,0.7322625609228085,,0.9010608496924545,1.2188541579664647,1.1599784371381194,0.9168649918548842,1,600,6.0,0.1933939835384468,0.9560808538807696,2.9732959845299645,9.626205577460526,0.2105099912326837,85.68638086697045,0.0,0.0,0.0,0.0,0.0,0.9833333333333333,0,3.815163459919909,0.34691285909502767,0.0,0.0,0.0,0.0,0.0,0.0
D1 LQR+VMC+PPO,randomized,150,oracle,none,bc992c5a2a657b5aad63cffe71a4ed6a08d7ce99baf858b99e9a376956f08fec,7e56980219563b71e271c8c26d045d414b38c2796bf4350f693550f6eee0f00e,7b4f1083faa4d8d36e184da139dc0b28a4fc37db1636db9b72245f28f1f32287,0.0,0.0,0.0,0.0,0.0,0.0,2,0,0.7322625609228085,,0.9010608496924545,1.2188541579664647,1.1599784371381194,0.9168649918548842,1,600,6.0,0.19569631881327504,0.6062783061749399,1.7854033713426207,12.856769050049639,0.211699506304035,92.36152158898498,0.0,0.42682990672273646,0.07855612324254287,-19.10321327273268,25.27130333959746,0.995,0,3.6540342668342496,0.0,0.0,0.0,0.0,0.0,0.0,0.0
