id,name,bytes,sha256
561323948,SHA256SUMS,178,8492e8cbbe03f6b2c5de0050305c3991efba6d91672383c857f84da54c4966ad
561323770,archive_manifest.json,2945803,b805465d947a04739a24340bb06bc21e31cf938b280f8c6039b36a1c580338d0
561324072,parts_manifest.json,6790,eb5e1b05da221a13326f5b6a3799d949e33590b70e7c784ce183b15b2dad712b
560519574,result_artifacts.tar.gz.part0001,134217728,3760e64cb48e24490673580fd24c27317f1168327542cd193e21f1f082c87136
560521635,result_artifacts.tar.gz.part0002,134217728,997f62846faee1449e77e222c506421974186a3f8710b8c0f27b3e4b172881a1
560522567,result_artifacts.tar.gz.part0003,134217728,5e57e07ebb08cc6f24edd9d971726c958cc226fdcca991a61ce79e52b0d946be
560523831,result_artifacts.tar.gz.part0004,134217728,961ddab19afbda7e2922f95e7abb7a1a5d40ee1e2fcd24c12bd2895ae8f21a79
560537596,result_artifacts.tar.gz.part0005,134217728,5d1e3c5e3eb1aa0df3d49b696faca9bb660110a51a2b2d611aa42c66db461d68
560599243,result_artifacts.tar.gz.part0006,134217728,0071dbc7bc6610cf755be46445c4e534c2e104df0e0d20526728b377f47d8026
560600518,result_artifacts.tar.gz.part0007,134217728,e6c642bf3d24347d663c0ca0a5bb0f82b6eb008a8ef12ab82aaf414fd282c286
560601831,result_artifacts.tar.gz.part0008,134217728,2b6d88c190116699a097b77f794dd68b959108c42f698e234d8a194c4e3173d2
560603390,result_artifacts.tar.gz.part0009,134217728,468dd8a83f0aff585aecc3097f5b795c5c09b7893335ff58a58612c5f3de39e2
560604930,result_artifacts.tar.gz.part0010,134217728,eaa59ec906963a51c7d759579f4df870a86a0c1b8eff17de215181b319ffedd9
560606583,result_artifacts.tar.gz.part0011,134217728,f45b6b0d649e91af0bf5082596153662be41c791f0cec1c91de7db771f708544
560608062,result_artifacts.tar.gz.part0012,134217728,89daee60758c99ba8f9b0ac7444e3ef4c34c6bf443366fe99f7cc1a52ff94a91
560609275,result_artifacts.tar.gz.part0013,134217728,222d267ccc0f8f943aed85454a4c10de482c5b6f3d58c872a97dc568332ddb0a
560610496,result_artifacts.tar.gz.part0014,134217728,8e1e31abc95ec3bd2b3a9ae83cf0fbe2472111b260af271293962be3e126cf73
560611822,result_artifacts.tar.gz.part0015,134217728,18129b79427b15a4bfb8892fc8b90a732999ad5b9f1545df97f653637e3e99f7
560613281,result_artifacts.tar.gz.part0016,134217728,a7e2aa5a2778d5d93e4b316539364dffc0208c1376fc06361d01b6d088680b6a
560614608,result_artifacts.tar.gz.part0017,134217728,76da85e9afd3e4ba70e6b29051f6c79fa53f32d904c462a3ea3e5125f1374411
560615943,result_artifacts.tar.gz.part0018,134217728,57dd68847642b611f8995921efad788aa840aee30db594d07fe09c975e9b235d
560617635,result_artifacts.tar.gz.part0019,134217728,71176a2d47f5801fee0d6956aeb0e99788cf63341249c3931addf9667e458a53
560619100,result_artifacts.tar.gz.part0020,134217728,2892b06ca3f70bb07295dc431c30773c784cb3aea9e4dc82b4271e79a03f8dec
560620559,result_artifacts.tar.gz.part0021,134217728,acc78ad98010e1bf17fdb1f09d25ad5a3c13a8e2f133da552922b46a508575a1
560622009,result_artifacts.tar.gz.part0022,134217728,ff59ba3ec9f9a380992c1b0661dd57d4bee46756c75074c27b0215b0ab9452b0
560623417,result_artifacts.tar.gz.part0023,134217728,4b82fd11fd9a9efec4d0f0e9a89baae480c52ea92ef4ab2320ccd7edfcdb3c2d
560624763,result_artifacts.tar.gz.part0024,134217728,245bb704de30822158615fc5cfc691bb03433aee8391fb1b2c1a98ea310ba48f
560626053,result_artifacts.tar.gz.part0025,134217728,ca384db8e5bb36f7933cb9fa3d7c66db8f41ec0e0d68a3a70b4ce826537df4d4
560627380,result_artifacts.tar.gz.part0026,134217728,b611053d23bd0a2243e0228b83f991290f57a1ae0daac82b4278c583b2a719e5
560628659,result_artifacts.tar.gz.part0027,134217728,cdc50555bc57deaf95db821edf264893466197aa152c94a76074d7656c173d2a
560629819,result_artifacts.tar.gz.part0028,134217728,91b35ba80a71c3e5d5e929d0367b2ce1f7ade434b15ebb704ca830243ef91243
560631186,result_artifacts.tar.gz.part0029,134217728,1a3f07dfa446eb954b7d6b05a10d1e2af90abf683b11e46ca2f4e440d4f9e738
560632692,result_artifacts.tar.gz.part0030,134217728,13b21a8aa01d8e48968aef9ac6eb1dbe1d66ecd401c4adf361b9b612dbddf49e
560634385,result_artifacts.tar.gz.part0031,134217728,a9d60c4a5cf84f1f4a074f7c23ca0b2c310ed45b375d92e241e6328a924079ae
560636203,result_artifacts.tar.gz.part0032,134217728,c6c5452ef2699d9b364d7d04b1ef0dcbc6188b911dbea91cf3172c7fe979edca
560638451,result_artifacts.tar.gz.part0033,134217728,50c69cb53c3e2b79d86558500e1185d6d6fc29731e3cfc447e6dde54f64bd225
560640055,result_artifacts.tar.gz.part0034,134217728,5077f08b5cbdf6e26929ef13bfb700a2c93072238fee8f156e95fa25b6c91aee
560641873,result_artifacts.tar.gz.part0035,134217728,6641c9c66839d16746e9817b89ab33784ff59a9e596a62f0f0145e65641d6142
560643146,result_artifacts.tar.gz.part0036,37617890,96dbd05cfb6f7350f356d4e0d626431c03203e7a2cc2c89535f7edcb570c57d2
