arm,case_id,actor,task_passed,task_reasons_json,completed_controls,record_valid,full_horizon,safety_passed,speed_passed,yaw_passed,final_window_passed,stopping_passed,terrain_channel_passed,ramp_geometry_passed,hold_mean_com_vx_mps,hold_vx_rms_mps,hold_yaw_rms_rps,drive_sse,normalized_torque_squared_cost_sum,C17_task_passed,C17_hold_vx_rms_mps,C18_minus_C17_hold_vx_rms_mps
development,rough_0p35,grouped_continue,True,[],1600,True,True,True,True,,True,True,True,,0.3500110834189388,0.04191901909011142,,19.063801943600865,12.95189679690293,,,
development,ramp_0p45_complete,grouped_continue,True,[],1800,True,True,True,True,,True,True,True,True,0.4710231949423562,0.023834166751352408,,10.705284775270856,34.648891350752365,,,
primary,flat_0p6,zero,True,[],1600,True,True,True,True,,True,True,,,0.6015638331589378,0.004604874126501302,,1.1306151519310728,11.222981489660755,True,0.002908870985606644,0.0016960031408946577
primary,flat_0p6,grouped_continue,True,[],1600,True,True,True,True,,True,True,,,0.6017967726691721,0.005122340960094038,,0.8339684472698521,11.95736111412224,True,0.0029485738646748724,0.0021737670954191653
primary,flat_1p6,zero,True,[],1600,True,True,True,True,,True,True,,,1.6016044066039419,0.0047855372453309165,,1.5612346988066017,19.455344778088566,True,0.0034987903760278815,0.001286746869303035
primary,flat_1p6,grouped_continue,True,[],1600,True,True,True,True,,True,True,,,1.5985616539846927,0.005692625780256385,,1.481564048114406,26.163891190113855,True,0.004550582319589669,0.0011420434606667163
primary,flat_1p2_yaw,zero,True,[],1600,True,True,True,True,True,True,True,,,1.2013762310499612,0.005933357569983037,0.08591160101584212,19.92690839223292,19.278663346430456,True,0.004515524309591001,0.0014178332603920355
primary,flat_1p2_yaw,grouped_continue,True,[],1600,True,True,True,True,True,True,True,,,1.1991456424481401,0.005672958614977757,0.09548142494063228,23.915519226484516,22.689161245119827,True,0.004661623016176053,0.001011335598801704
primary,bumps_0p4,zero,True,[],1600,True,True,True,True,,True,True,True,,0.3994810025490776,0.024372094758542392,,4.674006387762613,10.862614526359485,True,0.03193125565783563,-0.007559160899293239
primary,bumps_0p4,grouped_continue,True,[],1600,True,True,True,True,,True,True,True,,0.400799187881333,0.024333229258642276,,5.04894983206563,11.310718713748905,True,0.03170229297211836,-0.007369063713476082
primary,rough_0p35,zero,True,[],1600,True,True,True,True,,True,True,True,,0.34928539375875517,0.04369048518793097,,19.75143960941407,12.577079972159495,False,0.05422323114117235,-0.010532745953241378
primary,rough_0p35,grouped_continue,True,[],1600,True,True,True,True,,True,True,True,,0.3500110834189388,0.04191901909011142,,19.063801943600865,12.95189679690293,False,0.05339427199909047,-0.01147525290897905
primary,ramp_0p45_complete,zero,True,[],1800,True,True,True,True,,True,True,True,True,0.47002846824309574,0.023335381419194372,,10.641415399328219,29.30674925297257,True,0.02113498294950252,0.002200398469691854
primary,ramp_0p45_complete,grouped_continue,True,[],1800,True,True,True,True,,True,True,True,True,0.4710231949423562,0.023834166751352408,,10.705284775270856,34.648891350752365,True,0.02120257264488338,0.002631594106469029
mirror,flat_1p2_yaw,zero,True,[],1600,True,True,True,True,True,True,True,,,1.2013761154417621,0.005934526650364445,0.08590801408653768,19.925456427069612,19.277184387040876,True,0.004516186449472539,0.0014183402008919061
mirror,flat_1p2_yaw,grouped_continue,True,[],1600,True,True,True,True,True,True,True,,,1.1988460904778677,0.006644482542778576,0.09861047961420553,25.510416487519493,22.34936697982595,True,0.004493226815403977,0.0021512557273745984
