controller,scenario,success,velocity_rmse_mps,pitch_rmse_deg,max_abs_pitch_deg,height_rmse_mm,normalized_effort_rms,mean_reward,solve_p95_ms
LQR,nominal,1,0.5436127992141194,2.2355433846217596,4.595559545730168,20.310895818835338,0.38085147972142386,0.8789208335730595,0.0
MPC,nominal,1,0.5399264980721956,2.16897085304417,4.4485818740693555,20.31772081153335,0.38042607999903477,0.879046987831447,0.417200449919619
LQR + PPO,nominal,1,0.4364865256304423,2.309001738383595,6.266219183320239,13.742452871423284,0.3829028830718245,0.908534611740579,0.0
LQR,push,1,0.6720185206006449,2.679849201850575,6.505967892752858,19.752822015212825,0.384651129138252,0.8605517057390256,0.0
MPC,push,1,0.6680700662844844,2.6153176534583626,6.364594702529651,19.774002788500155,0.384163644739169,0.8604982714676589,0.43388859921833495
LQR + PPO,push,1,0.5377555226774621,2.9843636901245674,9.299613240226218,14.100262681555533,0.3888027698612541,0.8900770869949689,0.0
LQR,mismatch_delay,1,0.5428560823326939,2.6631843383486897,5.475155737034093,125.23419334115607,0.43811372800288767,0.7475782618663941,0.0
MPC,mismatch_delay,1,0.5381365963322743,2.586088893325655,5.299785847436212,125.23437875642698,0.4373475393676046,0.7482960643775385,0.6368366022797997
LQR + PPO,mismatch_delay,1,0.4288302377471761,2.6870165635572927,7.553768543100527,33.76482110483515,0.4878940538696119,0.8604145414937734,0.0
