pair_index,controller,scenario,evaluation_seed,state_estimation_mode,latency_compensation,contact_allocation,initial_state_fingerprint,initial_command_fingerprint,push_schedule_fingerprint,state_age_mean_ms,state_age_p95_ms,state_age_max_ms,compensation_horizon_p95_ms,compensation_applied_ratio,compensation_rejected_ratio,action_delay_steps,state_delay_steps,sensor_noise_scale,state_estimator_seed,base_mass_scale,damping_scale,friction_scale,actuator_strength_scale,success,episode_steps,episode_duration_s,velocity_rmse_mps,pitch_rmse_deg,max_abs_pitch_deg,height_rmse_mm,normalized_torque_rms,mean_abs_mechanical_power_w,torque_saturation_ratio,residual_action_rms,residual_action_delta_rms,mean_residual_longitudinal_force_n,mean_residual_vertical_force_n,four_wheel_contact_ratio,undesired_contact_steps,mean_reward,solve_p95_ms,allocation_solve_p95_ms,allocation_solve_p99_ms,allocation_constraint_violation_max,allocation_force_error_rms_n,allocation_moment_error_rms_nm,contact_force_model_error_rms_n,contact_moment_model_error_rms_nm,contact_force_tracking_error_rms_n,contact_moment_tracking_error_rms_nm,contact_wrench_physics_samples_min,contact_wrench_physics_samples_max,allocation_converged_ratio,allocation_feasible_nonconverged_ratio,allocation_fallback_ratio,allocation_wrench_limited_ratio,allocation_no_contact_ratio,allocation_legacy_ratio,allocation_not_run_ratio,raw_position_estimation_rmse_m,control_position_estimation_rmse_m,raw_pitch_estimation_rmse_deg,control_pitch_estimation_rmse_deg,raw_velocity_estimation_rmse_mps,control_velocity_estimation_rmse_mps,partial_contact_ratio
0,D1 LQR+VMC,randomized,121,oracle,none,legacy,7c2e92dfcaa715c655bc8077a117188283c609c4004d2c997e753c106bd05da0,b5debe969d1df6635d50c0383ced2b7758db1a66006d8efd3190a9a9c1c36602,3c0b20d46b77d044bc2c012ed0e2b5b40ed5c67307b2b067e0da1963dd696938,0.0,0.0,0.0,0.0,0.0,0.0,0,0,0.0,,1.0392194779402963,0.934056113211154,1.1857691697504076,0.9661443790880642,1,600,6.0,0.31998635115784474,1.6252474666780514,4.00933080430875,6.299395267881815,0.27627911421955115,343.5754060949744,0.0,0.0,0.0,0.0,0.0,0.8133333333333334,0,3.559300874743866,0.0,0.2551504497660062,0.28354107057566574,0.0,2.2046456773613356e-13,65.55998785631058,147.34118203126883,42.99353410786392,147.34118203126883,31.883104539367576,5,5,0.0,0.0,0.0,1.0,0.0,1.0,0.0,0.0,0.0,0.0,0.0,0.0,0.0,0.18666666666666668
0,D1 LQR+VMC,randomized,121,oracle,none,constrained,7c2e92dfcaa715c655bc8077a117188283c609c4004d2c997e753c106bd05da0,b5debe969d1df6635d50c0383ced2b7758db1a66006d8efd3190a9a9c1c36602,3c0b20d46b77d044bc2c012ed0e2b5b40ed5c67307b2b067e0da1963dd696938,0.0,0.0,0.0,0.0,0.0,0.0,0,0,0.0,,1.0392194779402963,0.934056113211154,1.1857691697504076,0.9661443790880642,1,600,6.0,0.21910607452787548,1.8899192707907038,4.878569747483831,10.060226903849777,0.21353616570598877,55.58210340899725,0.0,0.0,0.0,0.0,0.0,0.9416666666666667,0,3.6774603105758272,0.0,3.2611257002372436,3.60749263042635,6.992473017136836e-12,24.26889925372516,3.674405954649685,40.987763279751405,8.501483361756208,47.096664374852594,9.100636586317481,5,5,0.9983333333333333,0.0016666666666666668,0.0,0.06666666666666667,0.0,0.0,0.0,0.0,0.0,0.0,0.0,0.0,0.0,0.058333333333333334
1,D1 LQR+VMC,randomized,122,oracle,none,legacy,c29706cb396ed7cc6b20e70c4feb8d727c8ccb88d9c3ac1f5a6f9d2c7a8dafc9,a43e284a8bda7a9c6b9537304ee476b45e291d3a0f641aee8d330f83a4caf286,02908c9b2d28b6c0bdcc0dbeb8aaf2aeeb616e0ceadd9fa26465aa48443790f9,0.0,0.0,0.0,0.0,0.0,0.0,0,0,0.0,,1.0815775669389267,0.8790308005009635,0.8954298945162347,0.8918624637657828,1,600,6.0,0.37236293067826676,1.9642703659847427,4.402485842714876,11.006836594724833,0.28414670021414096,412.8313897400451,0.0,0.0,0.0,0.0,0.0,0.6766666666666666,0,3.1500881502523255,0.0,0.266759450551035,0.29117563953150233,0.0,2.2671767750816592e-13,65.92440292792351,155.46671187290158,45.77900511223633,155.46671187290158,32.73322324994232,5,5,0.0,0.0,0.0,1.0,0.0,1.0,0.0,0.0,0.0,0.0,0.0,0.0,0.0,0.3233333333333333
1,D1 LQR+VMC,randomized,122,oracle,none,constrained,c29706cb396ed7cc6b20e70c4feb8d727c8ccb88d9c3ac1f5a6f9d2c7a8dafc9,a43e284a8bda7a9c6b9537304ee476b45e291d3a0f641aee8d330f83a4caf286,02908c9b2d28b6c0bdcc0dbeb8aaf2aeeb616e0ceadd9fa26465aa48443790f9,0.0,0.0,0.0,0.0,0.0,0.0,0,0,0.0,,1.0815775669389267,0.8790308005009635,0.8954298945162347,0.8918624637657828,1,600,6.0,0.3164282697816416,2.8646315864621807,5.837585430927341,12.945964959030828,0.2920886790132496,356.12034985449054,0.013854166666666667,0.0,0.0,0.0,0.0,0.19166666666666668,0,3.3362666441205624,0.0,3.571536800018292,5.116589990584543,2.521320243833931e-10,95.1512953970265,14.028491903365417,89.0137500262554,23.893348411302615,129.63403136242835,24.74580304892417,5,5,0.9733333333333334,0.023333333333333334,0.0,0.5216666666666666,0.0033333333333333335,0.0,0.0,0.0,0.0,0.0,0.0,0.0,0.0,0.805
2,D1 LQR+VMC,randomized,123,oracle,none,legacy,73dfdbd5c0ab425dc1b07acfcd0f96887b1c1df66e5fdd7f7fdf9c8082c92375,ad1ef676cd7e09b56d4738ddf875ae6abd6c6381fbff77aa832cc7df0175445b,469375b2dfe0336699f18db15a737f7a66f34020c133025cccdddb7d4ca8b301,0.0,0.0,0.0,0.0,0.0,0.0,0,0,0.0,,1.0501174099145916,0.8242194584610002,0.7932339173021974,0.8868743621397339,1,600,6.0,0.35403544980050144,2.036174467550414,5.941516236900707,9.190211037659562,0.260090657562208,306.64257951171106,0.0,0.0,0.0,0.0,0.0,0.8033333333333333,0,3.3032086657344273,0.0,0.30013000045983035,0.3941993894204643,0.0,1.7277792445038689,66.48632678994923,144.575421779378,44.07076877261836,144.6279714341408,31.37827429160237,5,5,0.0,0.0,0.0,1.0,0.0,1.0,0.0,0.0,0.0,0.0,0.0,0.0,0.0,0.19666666666666666
2,D1 LQR+VMC,randomized,123,oracle,none,constrained,73dfdbd5c0ab425dc1b07acfcd0f96887b1c1df66e5fdd7f7fdf9c8082c92375,ad1ef676cd7e09b56d4738ddf875ae6abd6c6381fbff77aa832cc7df0175445b,469375b2dfe0336699f18db15a737f7a66f34020c133025cccdddb7d4ca8b301,0.0,0.0,0.0,0.0,0.0,0.0,0,0,0.0,,1.0501174099145916,0.8242194584610002,0.7932339173021974,0.8868743621397339,1,600,6.0,0.2215305206146215,2.428393600613102,4.475647956527613,6.905272381878493,0.2014055727459084,55.04317490174524,0.0,0.0,0.0,0.0,0.0,0.9266666666666666,0,3.646822531826277,0.0,3.0247190501086147,3.330007949598439,3.966702648585818e-14,33.832241549506016,4.2683257624801065,45.97959496178102,9.053084562111001,56.794673046981785,9.78445251978352,5,5,1.0,0.0,0.0,0.07666666666666666,0.0,0.0,0.0,0.0,0.0,0.0,0.0,0.0,0.0,0.07333333333333333
3,D1 LQR+VMC,randomized,124,oracle,none,legacy,9f92d54e327d4a75e4a2b3d01bc40fe062eac5664ed1738e182917c68d9d04da,56dcc03527552d4dd3b093e8f05fd103a605ca22ee3f8a654938347405d3380a,09c8d449d73b1404b27eb7395d76d55061d83f415adb9f451a5a282749d83920,0.0,0.0,0.0,0.0,0.0,0.0,0,0,0.0,,1.072755685088562,1.1536367108867953,1.2799384113898542,0.9996119545819131,1,600,6.0,0.2531775021637927,0.902791206683104,1.8490621135123164,9.212190961349178,0.2175099821638664,94.1656453659553,0.0,0.0,0.0,0.0,0.0,0.9966666666666667,0,3.5440664170603,0.0,0.25913135036716994,0.2947510397825681,0.0,2.200563549090119e-13,65.84909773399228,125.77348161816768,38.10396114743005,125.77348161816768,28.823785391647423,5,5,0.0,0.0,0.0,1.0,0.0,1.0,0.0,0.0,0.0,0.0,0.0,0.0,0.0,0.0033333333333333335
3,D1 LQR+VMC,randomized,124,oracle,none,constrained,9f92d54e327d4a75e4a2b3d01bc40fe062eac5664ed1738e182917c68d9d04da,56dcc03527552d4dd3b093e8f05fd103a605ca22ee3f8a654938347405d3380a,09c8d449d73b1404b27eb7395d76d55061d83f415adb9f451a5a282749d83920,0.0,0.0,0.0,0.0,0.0,0.0,0,0,0.0,,1.072755685088562,1.1536367108867953,1.2799384113898542,0.9996119545819131,1,600,6.0,0.23971335274574637,2.590908834492045,4.288638328374598,10.9496022078825,0.2078186625532261,54.51395165150445,0.0,0.0,0.0,0.0,0.0,0.9266666666666666,0,3.4306579797795758,0.0,3.0575508501442514,3.359790610602431,1.2554972008769803e-12,35.49702576010416,4.453933744701474,49.62617117316415,12.974684459066676,59.915685299610594,13.73076706107408,5,5,1.0,0.0,0.0,0.08166666666666667,0.0,0.0,0.0,0.0,0.0,0.0,0.0,0.0,0.0,0.07333333333333333
4,D1 LQR+VMC,randomized,125,oracle,none,legacy,e3d32ae351fe1e9e4cd0f6c37bc15f9ab5e4379303646bd4844c8d5acf55f8c4,bb4ef951ef18a309bcca5309ea323c4c8c1ecdbb3c39d1610cb072140f7e44e6,ce563013b208516d32c203b8ae91ea1ab965c61544ef3ac2563d15ed89fbae5c,0.0,0.0,0.0,0.0,0.0,0.0,0,0,0.0,,1.0873848863921922,1.0221424887299229,0.9036051544398931,0.8859215154175284,1,600,6.0,0.11441560024170959,0.37367182199388504,1.2106770329556384,7.026680445590188,0.22025537974482592,98.35156067569187,0.0,0.0,0.0,0.0,0.0,0.9983333333333333,0,3.9953962838715884,0.0,0.24323624970747904,0.2782715497141907,0.0,2.0568746913452307e-13,65.3616265111654,124.57516206238655,37.31692378981391,124.57516206238655,28.374717541203577,5,5,0.0,0.0,0.0,0.9983333333333333,0.0,1.0,0.0,0.0,0.0,0.0,0.0,0.0,0.0,0.0016666666666666668
4,D1 LQR+VMC,randomized,125,oracle,none,constrained,e3d32ae351fe1e9e4cd0f6c37bc15f9ab5e4379303646bd4844c8d5acf55f8c4,bb4ef951ef18a309bcca5309ea323c4c8c1ecdbb3c39d1610cb072140f7e44e6,ce563013b208516d32c203b8ae91ea1ab965c61544ef3ac2563d15ed89fbae5c,0.0,0.0,0.0,0.0,0.0,0.0,0,0,0.0,,1.0873848863921922,1.0221424887299229,0.9036051544398931,0.8859215154175284,1,600,6.0,0.15367799869448195,2.451036966915519,2.9281036299902774,5.606376996983804,0.18522490463227198,45.94522270701944,0.00020833333333333335,0.0,0.0,0.0,0.0,0.995,0,3.7937969011212407,0.0,3.088447749860279,3.491522080012146,2.920424630148678e-14,16.45184261372216,2.156680982451165,49.49591112077823,9.481093913746474,51.731895907538345,9.757601845349273,5,5,1.0,0.0,0.0,0.006666666666666667,0.0,0.0,0.0,0.0,0.0,0.0,0.0,0.0,0.0,0.005
5,D1 LQR+VMC,randomized,126,oracle,none,legacy,0ddc9f8491fec102ffc5c6392aacf4cc4958d0d3de3ca28740ab8305d3cad802,7e34e269b9e4c594bb8f35e9d4a3172a2706dc0dbf9e4a7f6646ccc74f04a7d2,e5b0e9def2372e9365d987b6e39ff899cb45bb89455478363d7c590a22d1acdd,0.0,0.0,0.0,0.0,0.0,0.0,0,0,0.0,,0.9013587367131051,1.2237911483370425,0.6929830915399516,1.0458088405818775,1,600,6.0,0.22818976771265606,1.3807216769359851,2.9759029782857747,6.081503820069,0.26101272627050953,289.3444696178933,0.0,0.0,0.0,0.0,0.0,0.78,0,3.655752772542766,0.0,0.23440830050276415,0.2667657598249207,0.0,2.3079168979489723e-13,66.531744598836,142.87044481713446,43.490532574955864,142.87044481713446,31.026518219612665,5,5,0.0,0.0,0.0,1.0,0.0,1.0,0.0,0.0,0.0,0.0,0.0,0.0,0.0,0.22
5,D1 LQR+VMC,randomized,126,oracle,none,constrained,0ddc9f8491fec102ffc5c6392aacf4cc4958d0d3de3ca28740ab8305d3cad802,7e34e269b9e4c594bb8f35e9d4a3172a2706dc0dbf9e4a7f6646ccc74f04a7d2,e5b0e9def2372e9365d987b6e39ff899cb45bb89455478363d7c590a22d1acdd,0.0,0.0,0.0,0.0,0.0,0.0,0,0,0.0,,0.9013587367131051,1.2237911483370425,0.6929830915399516,1.0458088405818775,1,600,6.0,0.14713647013316516,1.8477426707752231,3.8087322892879065,18.528527386808204,0.23991576297362185,208.97173268207325,0.0,0.0,0.0,0.0,0.0,0.10833333333333334,0,3.6451059610045027,0.0,3.0729679497198954,3.7858495006184967,7.2706389020131775e-12,76.94103070786547,9.83011543645214,61.77642986243331,15.393755472594195,99.44665017322154,16.1497634340702,5,5,0.9933333333333333,0.005,0.0,0.4083333333333333,0.0016666666666666668,0.0,0.0,0.0,0.0,0.0,0.0,0.0,0.0,0.89
6,D1 LQR+VMC,randomized,127,oracle,none,legacy,b345e7315aba751897fa9a531d28a3ec08f3a2400c220b7105790c2f469aeba6,a62c253f96362a1932f78e665abbdd76f1d8b14ac646a1581a89059be1307721,b988dab50b02d7e9b38b02217d3abdb5b45c339eebd080920892ff7322910b76,0.0,0.0,0.0,0.0,0.0,0.0,0,0,0.0,,0.9137426449013422,0.8943347555404323,0.8445661120289889,1.032011400718582,1,600,6.0,0.3459606817964448,2.03089034683114,4.567124536159984,9.48850115703656,0.2877958740233167,450.42546714226484,0.0,0.0,0.0,0.0,0.0,0.595,0,3.149424504309511,0.0,0.24180065038308385,0.2715857205203065,0.0,2.1220147527560285e-13,66.33574013379295,156.97444963419943,46.71887722172722,156.9744496341994,33.60045167799008,5,5,0.0,0.0,0.0,1.0,0.0,1.0,0.0,0.0,0.0,0.0,0.0,0.0,0.0,0.405
6,D1 LQR+VMC,randomized,127,oracle,none,constrained,b345e7315aba751897fa9a531d28a3ec08f3a2400c220b7105790c2f469aeba6,a62c253f96362a1932f78e665abbdd76f1d8b14ac646a1581a89059be1307721,b988dab50b02d7e9b38b02217d3abdb5b45c339eebd080920892ff7322910b76,0.0,0.0,0.0,0.0,0.0,0.0,0,0,0.0,,0.9137426449013422,0.8943347555404323,0.8445661120289889,1.032011400718582,1,600,6.0,0.22814632345735086,2.626652332665503,5.109583538196957,15.38078441542547,0.283840229065136,352.49139405121696,0.004791666666666666,0.0,0.0,0.0,0.0,0.11333333333333333,0,3.3807745418648225,0.0,3.4059942997373582,4.520843619638981,4.8206338135254855e-11,118.82209430999569,15.886747221517604,83.73273709484332,23.22941402689295,141.95082977947953,26.083831403351198,5,5,0.9783333333333334,0.013333333333333334,0.0,0.5533333333333333,0.008333333333333333,0.0,0.0,0.0,0.0,0.0,0.0,0.0,0.0,0.8783333333333333
7,D1 LQR+VMC,randomized,128,oracle,none,legacy,a83279295ee7f49c66301e3a877040d7050264cd6e103f0d82a33d112aee66e5,83afc90a16a7011b633737ed84c6fb0050114b95c3a0e43580bfe50e30db52d3,8b6ec0dbcf67ecb8095c0de3c70db2633e7333e48b45dcfe1527a92742cb6c01,0.0,0.0,0.0,0.0,0.0,0.0,0,0,0.0,,1.045019446205385,1.012452313136684,0.9318185060008339,0.9307867869801847,1,600,6.0,0.3110867337091957,1.6721394970644257,4.306659302736472,10.09970248351851,0.2771197103763743,367.5448966693897,0.0,0.0,0.0,0.0,0.0,0.7616666666666667,0,3.251976475596431,0.0,0.2750187505171197,0.3036683599566458,0.0,2.187074513066195e-13,65.31324202221919,147.77576603318843,44.59281445150462,147.77576603318843,31.136790224990065,5,5,0.0,0.0,0.0,1.0,0.0,1.0,0.0,0.0,0.0,0.0,0.0,0.0,0.0,0.23833333333333334
7,D1 LQR+VMC,randomized,128,oracle,none,constrained,a83279295ee7f49c66301e3a877040d7050264cd6e103f0d82a33d112aee66e5,83afc90a16a7011b633737ed84c6fb0050114b95c3a0e43580bfe50e30db52d3,8b6ec0dbcf67ecb8095c0de3c70db2633e7333e48b45dcfe1527a92742cb6c01,0.0,0.0,0.0,0.0,0.0,0.0,0,0,0.0,,1.045019446205385,1.012452313136684,0.9318185060008339,0.9307867869801847,1,600,6.0,0.18387019723991352,2.1359990438973147,4.21714719287207,9.979261934683064,0.2406218754967351,172.29912813163833,0.0028125,0.0,0.0,0.0,0.0,0.6816666666666666,0,3.696098480233095,0.0,3.049369749987818,3.4887399999934128,3.1693495967494514e-13,57.46617504473884,7.3987970970449615,58.599594097322104,15.415469799559357,84.37184319753122,16.03947178652292,5,5,1.0,0.0,0.0,0.23833333333333334,0.0,0.0,0.0,0.0,0.0,0.0,0.0,0.0,0.0,0.31833333333333336
8,D1 LQR+VMC,randomized,129,oracle,none,legacy,5702b570b1c0ed4e613de71f84569885aa8c5f4c94880c5cc684cc0fb91fcfd6,6496453d5a69277a86195d7bfdbbe46fbe2670ee348b85071fecbe32c5511a2c,60a2e271b66c49d8028072c5092c3fb5128bb6c666596fc41527992f75efa757,0.0,0.0,0.0,0.0,0.0,0.0,0,0,0.0,,0.9845496018142563,0.9052567452854112,1.2337830868118964,1.0285116701786272,1,600,6.0,0.44901771001919666,1.970065402206609,7.991148689071273,12.962434312448153,0.2140966171313133,101.08445688538869,0.0,0.0,0.0,0.0,0.0,0.9516666666666667,0,3.1284993957404796,0.0,0.26798665057867765,0.3718103297524066,0.0,8.322273577159605,66.69550554487951,129.20577434282902,39.46174866637129,129.54111064887653,29.74575977474406,5,5,0.0,0.0,0.0,0.9983333333333333,0.0,1.0,0.0,0.0,0.0,0.0,0.0,0.0,0.0,0.04833333333333333
8,D1 LQR+VMC,randomized,129,oracle,none,constrained,5702b570b1c0ed4e613de71f84569885aa8c5f4c94880c5cc684cc0fb91fcfd6,6496453d5a69277a86195d7bfdbbe46fbe2670ee348b85071fecbe32c5511a2c,60a2e271b66c49d8028072c5092c3fb5128bb6c666596fc41527992f75efa757,0.0,0.0,0.0,0.0,0.0,0.0,0,0,0.0,,0.9845496018142563,0.9052567452854112,1.2337830868118964,1.0285116701786272,1,600,6.0,0.33179739726510704,2.8799071422610614,5.06125809845915,12.755778655845305,0.2634848886404587,255.66335327521094,0.0032291666666666666,0.0,0.0,0.0,0.0,0.635,0,3.238841561131597,0.0,2.997725750037716,3.638169469941202,5.885538209824635e-14,45.80237084367486,5.929320325953278,71.66319359832885,17.203092996872403,83.73039375580234,18.037209870479487,5,5,1.0,0.0,0.0,0.21666666666666667,0.0,0.0,0.0,0.0,0.0,0.0,0.0,0.0,0.0,0.365
9,D1 LQR+VMC,randomized,130,oracle,none,legacy,40095e7bae0c177148218132cab8af901d2730f23c3b84147801c1bf84ac666a,f26470b0ae52d06a3a61c0b168230e39b8d37486347b1db9b1a210d0dcdc7dd7,32cea20adea4fbe5391e26bb562c4a7479aff31814c5405179333f9f5077bde4,0.0,0.0,0.0,0.0,0.0,0.0,0,0,0.0,,0.9997216871705642,0.8351152271187723,0.8488619829931543,0.9314115641439593,1,600,6.0,0.3400228405292457,1.9327846844118275,4.234603686540212,10.673980090321278,0.2930594843503525,505.3276182516579,0.0,0.0,0.0,0.0,0.0,0.545,0,3.126595712634488,0.0,0.23716329997114372,0.26239483065182867,0.0,0.283682907449734,66.79471780050768,165.3167826752628,48.544525271508995,165.32938937669854,34.03451477866129,5,5,0.0,0.0,0.0,1.0,0.0,1.0,0.0,0.0,0.0,0.0,0.0,0.0,0.0,0.455
9,D1 LQR+VMC,randomized,130,oracle,none,constrained,40095e7bae0c177148218132cab8af901d2730f23c3b84147801c1bf84ac666a,f26470b0ae52d06a3a61c0b168230e39b8d37486347b1db9b1a210d0dcdc7dd7,32cea20adea4fbe5391e26bb562c4a7479aff31814c5405179333f9f5077bde4,0.0,0.0,0.0,0.0,0.0,0.0,0,0,0.0,,0.9997216871705642,0.8351152271187723,0.8488619829931543,0.9314115641439593,1,600,6.0,0.25635512608486793,2.4859463196157767,5.631686234787716,12.078129024300214,0.2634888127602066,266.32611952622216,0.007916666666666667,0.0,0.0,0.0,0.0,0.5433333333333333,0,3.3856888462709613,0.0,2.966824900249775,3.7489560099220385,3.7932369193176946e-10,92.32272868536958,15.507358845221907,76.53046075783435,20.129705291073854,119.31552826280371,23.431340440313296,5,5,0.9816666666666667,0.016666666666666666,0.0,0.36,0.0016666666666666668,0.0,0.0,0.0,0.0,0.0,0.0,0.0,0.0,0.455
10,D1 LQR+VMC,randomized,131,oracle,none,legacy,4b6d7d5264f0eaf46cd1362ce31dbc26cc5d48d0cdf31f202b38babc82a6f030,ff5ad5fec0545ac41879319246e8552be77ad07bff5dc7f83e087c1ca46f6150,97b44b4ada33350e078ca8e793613adfbb4d9a471ec91aab6aae1720401e9fd7,0.0,0.0,0.0,0.0,0.0,0.0,0,0,0.0,,1.0422219766542375,1.070517012206352,0.9960171566159062,0.8798084705107636,1,600,6.0,0.4339204181374642,2.010856414827532,5.881382583695897,9.999944948141867,0.2760178910717235,328.7641983380672,0.00125,0.0,0.0,0.0,0.0,0.8183333333333334,0,3.28144614206133,0.0,0.24613759987914813,0.28600236951206165,0.42000041755651124,2.3298480255501133,65.6314566259981,144.63995118502604,43.05775207172706,144.68610964312683,31.135635842087265,5,5,0.0,0.0,0.0,1.0,0.0,1.0,0.0,0.0,0.0,0.0,0.0,0.0,0.0,0.18166666666666667
10,D1 LQR+VMC,randomized,131,oracle,none,constrained,4b6d7d5264f0eaf46cd1362ce31dbc26cc5d48d0cdf31f202b38babc82a6f030,ff5ad5fec0545ac41879319246e8552be77ad07bff5dc7f83e087c1ca46f6150,97b44b4ada33350e078ca8e793613adfbb4d9a471ec91aab6aae1720401e9fd7,0.0,0.0,0.0,0.0,0.0,0.0,0,0,0.0,,1.0422219766542375,1.070517012206352,0.9960171566159062,0.8798084705107636,1,600,6.0,0.2648525513061028,2.6215710358353594,6.011599453025199,8.86920901013498,0.2786122258824038,323.49863472698377,0.008333333333333333,0.0,0.0,0.0,0.0,0.3883333333333333,0,3.5450419121057037,0.0,3.1968726999366472,3.9726241393782344,2.0963862060191178e-11,85.8910790700437,12.182068559348924,79.66590605453504,22.360347523288397,117.24321097472145,23.38325807531111,5,5,0.9783333333333334,0.021666666666666667,0.0,0.4816666666666667,0.0,0.0,0.0,0.0,0.0,0.0,0.0,0.0,0.0,0.6116666666666667
11,D1 LQR+VMC,randomized,132,oracle,none,legacy,6f4a4364baec90156312c0b7c9b283ae90a7cb12a05eba457cff406a627139cd,a95af400eafe9bb70db4211a1b6cad8f95b86f8f7ee2152f9bdd03101eec6a00,a36b91e99b28824d41acdda5157707ed14ee21e4d17d651b8c2af3e866cf621f,0.0,0.0,0.0,0.0,0.0,0.0,0,0,0.0,,0.9313722913777985,1.1620996281206688,1.1343696282482012,1.0264743128609943,1,600,6.0,0.19532684141556642,0.6997969792206713,2.3962419406957522,12.657723417554188,0.23734695155762767,177.04284313223948,0.0,0.0,0.0,0.0,0.0,0.9533333333333334,0,3.727995952054417,0.0,0.2611723497921048,0.3502363396273722,0.0,2.1593654064377434e-13,65.82936508687573,131.97721536785738,39.66698339812417,131.97721536785738,29.83687690087082,5,5,0.0,0.0,0.0,1.0,0.0,1.0,0.0,0.0,0.0,0.0,0.0,0.0,0.0,0.04666666666666667
11,D1 LQR+VMC,randomized,132,oracle,none,constrained,6f4a4364baec90156312c0b7c9b283ae90a7cb12a05eba457cff406a627139cd,a95af400eafe9bb70db4211a1b6cad8f95b86f8f7ee2152f9bdd03101eec6a00,a36b91e99b28824d41acdda5157707ed14ee21e4d17d651b8c2af3e866cf621f,0.0,0.0,0.0,0.0,0.0,0.0,0,0,0.0,,0.9313722913777985,1.1620996281206688,1.1343696282482012,1.0264743128609943,1,600,6.0,0.1915427108379356,1.9716993987311162,4.3111028636761235,10.502216862487764,0.19471311578631176,51.88658611438533,0.0,0.0,0.0,0.0,0.0,0.9516666666666667,0,3.714162729305927,0.0,2.713440849902326,2.904960820278575,4.932580931847721e-12,34.455538525714196,4.216954637388497,46.60703116072389,9.279791481672122,57.21944827211912,9.978800993614767,5,5,0.9983333333333333,0.0016666666666666668,0.0,0.06,0.0,0.0,0.0,0.0,0.0,0.0,0.0,0.0,0.0,0.04833333333333333
12,D1 LQR+VMC,randomized,133,oracle,none,legacy,91626afdc925fd4c06119e4d576fb766f934c3eb454af0192214822e7a8cff35,88ee8ee7ed9c598c83e9212cf32484a798c61f0b2b386a02b301df25b9ea2174,95a07559d2482661e15badf192867fbad9311eeae907de0887075b6672b62271,0.0,0.0,0.0,0.0,0.0,0.0,0,0,0.0,,1.1145332790015046,1.030492392512524,0.8845519031870943,0.9652460868393753,1,600,6.0,0.38476089049786194,1.443549353525405,3.7616134976216333,9.770416505311475,0.22052512942102231,114.99223636258264,0.0,0.0,0.0,0.0,0.0,0.9733333333333334,0,3.296470209906582,0.0,0.25881624997055036,0.2898538400950201,0.0,2.3308842810055563e-13,66.39781284950404,131.44132657820543,38.744990859961916,131.44132657820543,28.972347498210198,5,5,0.0,0.0,0.0,0.9983333333333333,0.0,1.0,0.0,0.0,0.0,0.0,0.0,0.0,0.0,0.02666666666666667
12,D1 LQR+VMC,randomized,133,oracle,none,constrained,91626afdc925fd4c06119e4d576fb766f934c3eb454af0192214822e7a8cff35,88ee8ee7ed9c598c83e9212cf32484a798c61f0b2b386a02b301df25b9ea2174,95a07559d2482661e15badf192867fbad9311eeae907de0887075b6672b62271,0.0,0.0,0.0,0.0,0.0,0.0,0,0,0.0,,1.1145332790015046,1.030492392512524,0.8845519031870943,0.9652460868393753,1,600,6.0,0.328402525202169,2.9728377243295467,7.522831016830275,14.68640404642888,0.2696732395467173,212.71967507081098,0.0030208333333333333,0.0,0.0,0.0,0.0,0.575,0,3.2143897754736437,0.0,3.741206950417108,5.231825549926724,1.2412924584845804e-12,82.03874643891135,9.587878153867374,72.24478991177567,17.50237471476443,109.63974688291492,18.87049914779481,5,5,0.995,0.0,0.0,0.32,0.005,0.0,0.0,0.0,0.0,0.0,0.0,0.0,0.0,0.4216666666666667
13,D1 LQR+VMC,randomized,134,oracle,none,legacy,2f3f88873b85c2751b2ac22a3910bf026d617086ba9b44fde85d029dae4cf514,e5aa3494343ca1e2e74a96e6584c51d67767c742dba2d2414bc3e277645502c2,f03d89cac34314e61f5c270e426b71ade1f0844863ed84f254891163c941b6d3,0.0,0.0,0.0,0.0,0.0,0.0,0,0,0.0,,1.1130639464762684,1.0269182989567793,1.0037205315584476,1.0060237377134706,1,600,6.0,0.18869155147010652,0.6373074989756231,1.7327971444489865,6.306323298163673,0.22079319810840364,93.5458135202416,0.0,0.0,0.0,0.0,0.0,0.9983333333333333,0,3.7438763966194224,0.0,0.2447702992412814,0.2802474798863841,0.0,1.8070010574474611e-13,65.20738428086301,127.32544032787214,37.08515779214477,127.32544032787214,28.559787305203386,5,5,0.0,0.0,0.0,0.9983333333333333,0.0,1.0,0.0,0.0,0.0,0.0,0.0,0.0,0.0,0.0016666666666666668
13,D1 LQR+VMC,randomized,134,oracle,none,constrained,2f3f88873b85c2751b2ac22a3910bf026d617086ba9b44fde85d029dae4cf514,e5aa3494343ca1e2e74a96e6584c51d67767c742dba2d2414bc3e277645502c2,f03d89cac34314e61f5c270e426b71ade1f0844863ed84f254891163c941b6d3,0.0,0.0,0.0,0.0,0.0,0.0,0,0,0.0,,1.1130639464762684,1.0269182989567793,1.0037205315584476,1.0060237377134706,1,600,6.0,0.2036117877248884,2.936270689115157,4.714879925956808,8.88758435588369,0.19475753033310841,61.257391923408214,0.0,0.0,0.0,0.0,0.0,0.9516666666666667,0,3.5609000566739057,0.0,2.8724718999001198,3.298174369820116,4.638203301113416e-11,39.2556991618013,6.553208221086145,55.92356016767195,11.670996118572052,68.4693091058004,12.718278940907345,5,5,0.995,0.005,0.0,0.06333333333333334,0.0,0.0,0.0,0.0,0.0,0.0,0.0,0.0,0.0,0.04833333333333333
14,D1 LQR+VMC,randomized,135,oracle,none,legacy,9274bf88edb30a532d7df77b01d98641b4421ee00133e497b252da55a709f37c,fab0fc12d16737fe6eb716cd2a5f6c6fc87baa068da5b69d3acc7c61a7d47e9b,7b1b420598fcad7dfdc9343bfdbaa71affa55955eba91962677657568b870a00,0.0,0.0,0.0,0.0,0.0,0.0,0,0,0.0,,1.0206111294275515,0.9263370497375614,1.235489406189609,1.0474239035632644,1,600,6.0,0.3352562856233223,1.332274375255497,4.447933115261995,7.657588690842309,0.21594590150683385,115.89784698557594,0.0,0.0,0.0,0.0,0.0,0.9716666666666667,0,3.4112815004485677,0.0,0.2544421507082006,0.27768543016463804,0.0,2.1491136615714582e-13,66.75925311914875,127.8600855420013,38.87004644866608,127.8600855420013,29.24408303983485,5,5,0.0,0.0,0.0,1.0,0.0,1.0,0.0,0.0,0.0,0.0,0.0,0.0,0.0,0.028333333333333332
14,D1 LQR+VMC,randomized,135,oracle,none,constrained,9274bf88edb30a532d7df77b01d98641b4421ee00133e497b252da55a709f37c,fab0fc12d16737fe6eb716cd2a5f6c6fc87baa068da5b69d3acc7c61a7d47e9b,7b1b420598fcad7dfdc9343bfdbaa71affa55955eba91962677657568b870a00,0.0,0.0,0.0,0.0,0.0,0.0,0,0,0.0,,1.0206111294275515,0.9263370497375614,1.235489406189609,1.0474239035632644,1,600,6.0,0.3069136069693752,2.780282793066093,5.926228764919586,7.7533253317253035,0.22081418643911518,85.53375936336012,0.0,0.0,0.0,0.0,0.0,0.87,0,3.503152465570143,0.0,2.9551096999057336,3.0949365894866783,5.138532834898384e-11,52.035715570968016,5.875183709378941,51.48007306223426,11.358556910885584,72.00956249270946,12.708625292921347,5,5,0.995,0.0016666666666666668,0.0,0.14166666666666666,0.0033333333333333335,0.0,0.0,0.0,0.0,0.0,0.0,0.0,0.0,0.12833333333333333
15,D1 LQR+VMC,randomized,136,oracle,none,legacy,0b6b040113c637c45260d746bee58cf4786056d8971589861f23f4c48f7afdd8,aa3c03f2dc321410810d0d3c01d85cd887d66914cbe53aeb68451c11b9feb39d,9d8343864ff393c6b462aeca5f7bdf27063912f264cf7b77c22bdedae80afdb7,0.0,0.0,0.0,0.0,0.0,0.0,0,0,0.0,,0.9280372446023853,0.8316009993033402,0.7257125674497298,0.9243368589466237,1,600,6.0,0.29191617464384056,1.6974353418066042,4.4998051688948495,10.226852249787195,0.2844049441903917,440.67203244105195,0.0,0.0,0.0,0.0,0.0,0.5916666666666667,0,3.3467838998616783,0.0,0.24778440010777555,0.2700571497643977,0.0,2.232557493577235e-13,66.53321790123009,155.55781695060207,46.93794202134706,155.55781695060205,33.54117423600851,5,5,0.0,0.0,0.0,1.0,0.0,1.0,0.0,0.0,0.0,0.0,0.0,0.0,0.0,0.4083333333333333
15,D1 LQR+VMC,randomized,136,oracle,none,constrained,0b6b040113c637c45260d746bee58cf4786056d8971589861f23f4c48f7afdd8,aa3c03f2dc321410810d0d3c01d85cd887d66914cbe53aeb68451c11b9feb39d,9d8343864ff393c6b462aeca5f7bdf27063912f264cf7b77c22bdedae80afdb7,0.0,0.0,0.0,0.0,0.0,0.0,0,0,0.0,,0.9280372446023853,0.8316009993033402,0.7257125674497298,0.9243368589466237,1,600,6.0,0.17867077051275912,2.45820388749175,4.021651606206311,14.308764970271293,0.28058453674682915,360.20861900572896,0.0096875,0.0,0.0,0.0,0.0,0.12333333333333334,0,3.5604329140364506,0.0,3.340304450102848,4.710563039798216,1.4120772062653194e-09,122.58778153006813,16.406489691105715,87.10557782721915,24.210266153972988,150.26816619100725,25.81706150519836,5,5,0.9733333333333334,0.023333333333333334,0.0,0.5933333333333334,0.0033333333333333335,0.0,0.0,0.0,0.0,0.0,0.0,0.0,0.0,0.8733333333333333
16,D1 LQR+VMC,randomized,137,oracle,none,legacy,2a4f67a308a95fe4a03ab4b2f96a51ca60bd1a5ee8d23757a0cc05febe27da7d,06841b06f017018e694a03c665f528c6a3027297860f2640785ac8eab21d8721,15051614010a2ae4b6a6f27d61cdddf53d0c43f3d7063c62c0349becbca3ec8c,0.0,0.0,0.0,0.0,0.0,0.0,0,0,0.0,,1.0888000513445704,0.9237705849939278,0.9275175429514981,0.9750643930020666,1,600,6.0,0.5776117767176482,2.217082441457275,5.502543291193762,11.37596237806119,0.264954718511878,249.67669591354812,0.000625,0.0,0.0,0.0,0.0,0.8333333333333334,0,2.921608445769529,0.0,0.23344839946730633,0.2619072400921141,0.11111682938077543,3.3955267152360933,65.76134338452087,141.77517424560156,41.42210412069088,141.91579955481134,31.021391915325864,5,5,0.0,0.0,0.0,1.0,0.0,1.0,0.0,0.0,0.0,0.0,0.0,0.0,0.0,0.16666666666666666
16,D1 LQR+VMC,randomized,137,oracle,none,constrained,2a4f67a308a95fe4a03ab4b2f96a51ca60bd1a5ee8d23757a0cc05febe27da7d,06841b06f017018e694a03c665f528c6a3027297860f2640785ac8eab21d8721,15051614010a2ae4b6a6f27d61cdddf53d0c43f3d7063c62c0349becbca3ec8c,0.0,0.0,0.0,0.0,0.0,0.0,0,0,0.0,,1.0888000513445704,0.9237705849939278,0.9275175429514981,0.9750643930020666,1,600,6.0,0.3338688750687287,2.1197866318774703,5.338310065730564,14.419504852067037,0.2840998057948508,349.6984650226605,0.0069791666666666665,0.0,0.0,0.0,0.0,0.4083333333333333,0,3.471585096138574,0.0,4.057159550029608,5.553194399217317,1.7550119671825828e-10,85.63792547067723,12.873548655858224,89.47587822600636,25.327308275698503,122.1729540342807,27.320817062607635,5,5,0.9833333333333333,0.016666666666666666,0.0,0.42,0.0,0.0,0.0,0.0,0.0,0.0,0.0,0.0,0.0,0.5916666666666667
17,D1 LQR+VMC,randomized,138,oracle,none,legacy,a87196d591cd1b124fae75e15168ddbcee919ea14b4c8dd66ebe93aceddffb99,69fc3f8b5a24da730923cc3f9b8ed89d42e9bf1e571ebe5dfd998b4c85716a46,729cd1b1287ed549be8fc6fb62294df13f57ba99a05fb347e17c746e74f86983,0.0,0.0,0.0,0.0,0.0,0.0,0,0,0.0,,1.0260864405663987,1.1534392747267768,1.014310206220799,1.037683491019551,1,600,6.0,0.27924581132711895,1.1083954387190518,3.6208648182442187,14.400527927638601,0.21440896219217398,85.86698723662522,0.0,0.0,0.0,0.0,0.0,0.98,0,3.4736266501234105,0.0,0.34412405029797805,0.5516540301232453,0.0,1.96400704885635e-13,66.4105315805679,129.36518460374796,38.34374506255114,129.36518460374796,29.084925518796666,5,5,0.0,0.0,0.0,1.0,0.0,1.0,0.0,0.0,0.0,0.0,0.0,0.0,0.0,0.018333333333333333
17,D1 LQR+VMC,randomized,138,oracle,none,constrained,a87196d591cd1b124fae75e15168ddbcee919ea14b4c8dd66ebe93aceddffb99,69fc3f8b5a24da730923cc3f9b8ed89d42e9bf1e571ebe5dfd998b4c85716a46,729cd1b1287ed549be8fc6fb62294df13f57ba99a05fb347e17c746e74f86983,0.0,0.0,0.0,0.0,0.0,0.0,0,0,0.0,,1.0260864405663987,1.1534392747267768,1.014310206220799,1.037683491019551,1,600,6.0,0.23159764470709476,2.0687813114854383,4.520394818726555,11.662668229192771,0.20136144240375864,53.32944747096907,0.0,0.0,0.0,0.0,0.0,0.9116666666666666,0,3.5929650142277874,0.0,3.1546934004381906,3.465563289801139,6.109028532503218e-12,52.08304546566517,4.321708687942021,54.29196226701797,9.590117118916655,72.58083538037616,10.7916381387649,5,5,0.9916666666666667,0.0016666666666666668,0.0,0.095,0.006666666666666667,0.0,0.0,0.0,0.0,0.0,0.0,0.0,0.0,0.08333333333333333
18,D1 LQR+VMC,randomized,139,oracle,none,legacy,4b9ec66fd21703f032f7919791f719bdd8cad769b2c0ffb23f9e4c336830904e,cee5681ffa8f68cc5bc77403c32637cc51c3383a36191b1f9e5b3a09255b2f07,99100d21a62e412c272d14402a60d3ff76f4e822f90d2c87d13edec41131a577,0.0,0.0,0.0,0.0,0.0,0.0,0,0,0.0,,0.9916877504478899,1.0601320918636594,0.7421981782903972,0.8648196297883745,1,600,6.0,0.16748986506100322,0.6669541005245414,1.9129628343833205,14.724061070333434,0.21143233628994862,97.2168460153108,0.0,0.0,0.0,0.0,0.0,0.9933333333333333,0,3.6634663596396324,0.0,0.25378969980920374,0.27218633053053054,0.0,1.9627997981002122e-13,65.32735165745454,125.86934816702995,37.717464534417786,125.86934816702995,28.471267183312023,5,5,0.0,0.0,0.0,0.9983333333333333,0.0,1.0,0.0,0.0,0.0,0.0,0.0,0.0,0.0,0.006666666666666667
18,D1 LQR+VMC,randomized,139,oracle,none,constrained,4b9ec66fd21703f032f7919791f719bdd8cad769b2c0ffb23f9e4c336830904e,cee5681ffa8f68cc5bc77403c32637cc51c3383a36191b1f9e5b3a09255b2f07,99100d21a62e412c272d14402a60d3ff76f4e822f90d2c87d13edec41131a577,0.0,0.0,0.0,0.0,0.0,0.0,0,0,0.0,,0.9916877504478899,1.0601320918636594,0.7421981782903972,0.8648196297883745,1,600,6.0,0.16232443095861507,2.291069537739966,4.132551193544413,17.624943412088953,0.26426558019586965,309.0137691829261,0.0103125,0.0,0.0,0.0,0.0,0.20833333333333334,0,3.5370300417805076,0.0,3.181020600004558,4.262926529727336,2.4635628009741767e-10,92.82685529067935,13.880915867626477,81.67675073577546,22.204009951877534,122.97449881203485,23.68519802577203,5,5,0.9833333333333333,0.016666666666666666,0.0,0.47,0.0,0.0,0.0,0.0,0.0,0.0,0.0,0.0,0.0,0.7916666666666666
19,D1 LQR+VMC,randomized,140,oracle,none,legacy,7f74dc97c251ce37e5b136b179604fb1dd6e68ab42d433bae40fd0f98cb78ec7,e97a194402d605c4f51a77c2b32c740b3d5ffbeb57c2eb9a787edc464822d293,4e4390bfd2fd54eb18376807d7e6eb4ee461c11ab733b2815732cdfc43e7ad37,0.0,0.0,0.0,0.0,0.0,0.0,0,0,0.0,,1.0468764109858262,1.0796083124508884,1.1096043279598042,0.8946372269760438,1,600,6.0,0.3196554019343282,1.4724141047227215,4.101092455520044,12.676816706250984,0.2657860239506885,272.68094811594716,0.0,0.0,0.0,0.0,0.0,0.895,0,3.2838233056583443,0.0,0.2495841496511275,0.2781730601145682,0.0,2.3051868255359434e-13,65.42856469732332,141.3526287466564,41.27952190326617,141.3526287466564,30.956088513805298,5,5,0.0,0.0,0.0,1.0,0.0,1.0,0.0,0.0,0.0,0.0,0.0,0.0,0.0,0.105
19,D1 LQR+VMC,randomized,140,oracle,none,constrained,7f74dc97c251ce37e5b136b179604fb1dd6e68ab42d433bae40fd0f98cb78ec7,e97a194402d605c4f51a77c2b32c740b3d5ffbeb57c2eb9a787edc464822d293,4e4390bfd2fd54eb18376807d7e6eb4ee461c11ab733b2815732cdfc43e7ad37,0.0,0.0,0.0,0.0,0.0,0.0,0,0,0.0,,1.0468764109858262,1.0796083124508884,1.1096043279598042,0.8946372269760438,1,600,6.0,0.18362046299055046,1.7603561014618267,3.557200918432456,11.68780546203161,0.197533946559911,45.56036440570661,0.0,0.0,0.0,0.0,0.0,0.9383333333333334,0,3.700709037693335,0.0,2.751294449353736,2.970212999916839,1.376722373200773e-15,37.675903647852586,4.680085992352005,40.27579566396688,8.30167176361158,55.206984904304136,9.100892008660287,5,5,1.0,0.0,0.0,0.07666666666666666,0.0,0.0,0.0,0.0,0.0,0.0,0.0,0.0,0.0,0.06166666666666667
20,D1 LQR+VMC,randomized,141,oracle,none,legacy,5cd8044e2d3f1a8b1454a26d2031d9f75a8f76c27a45e48245f35b99785682ee,695a926545c5c8724a3fe1f51f39a1eaac9d01192e9c20d09835be872f96ed8d,8b42094b3a8b8a4215d000b4faa6c6953af747b32ad7ddb895a12d9f558392ec,0.0,0.0,0.0,0.0,0.0,0.0,0,0,0.0,,1.0619852316253795,1.2488134642576083,0.6512005159852253,0.8862314635231168,1,600,6.0,0.1671278304094065,0.818419442030065,1.9538134415803567,5.7435423069675,0.2143461982709598,88.59254435637959,0.0,0.0,0.0,0.0,0.0,0.9966666666666667,0,3.8694869682085598,0.0,0.23220225043587558,0.25284898043537396,0.0,1.9666004719492805e-13,65.7688536028898,126.69102682606402,38.31927879410053,126.69102682606405,28.31693732847285,5,5,0.0,0.0,0.0,0.9983333333333333,0.0,1.0,0.0,0.0,0.0,0.0,0.0,0.0,0.0,0.0033333333333333335
20,D1 LQR+VMC,randomized,141,oracle,none,constrained,5cd8044e2d3f1a8b1454a26d2031d9f75a8f76c27a45e48245f35b99785682ee,695a926545c5c8724a3fe1f51f39a1eaac9d01192e9c20d09835be872f96ed8d,8b42094b3a8b8a4215d000b4faa6c6953af747b32ad7ddb895a12d9f558392ec,0.0,0.0,0.0,0.0,0.0,0.0,0,0,0.0,,1.0619852316253795,1.2488134642576083,0.6512005159852253,0.8862314635231168,1,600,6.0,0.2577341412627861,3.3452885530857293,6.805695858928609,16.898749809571402,0.22391125727561967,68.32260275531283,0.0,0.0,0.0,0.0,0.0,0.9783333333333334,0,3.248710874111645,0.0,2.9998453006555788,3.3971818302779857,2.2141241994466903e-12,35.84915845565815,2.6673865998233013,60.103478994081435,16.141520957517358,68.91664047825479,16.44506358182425,5,5,0.995,0.0016666666666666668,0.0,0.03333333333333333,0.0033333333333333335,0.0,0.0,0.0,0.0,0.0,0.0,0.0,0.0,0.02
21,D1 LQR+VMC,randomized,142,oracle,none,legacy,f04f8d440efae5685de2555afca2ac1bf6e423c9a7be51b2af2cc9212a5d75ea,08111758dc0042e1b28b156e540ce96857b81190bec65f45933ec367c29d9ba5,a8d5789a9cc4299e8a863129ac5c7e9442a8300812b9a97b64cb1fcb05356eda,0.0,0.0,0.0,0.0,0.0,0.0,0,0,0.0,,0.9049038144441932,0.8483710141125314,1.0710901939059994,1.0421396301432335,1,600,6.0,0.2214238006627386,0.8865463971825793,2.6038611276494885,10.867164661365425,0.2337766634580324,174.2492263655739,0.0,0.0,0.0,0.0,0.0,0.9483333333333334,0,3.67406990196015,0.0,0.2457855001466668,0.28033392007273505,0.0,2.165026796731455e-13,66.30691070655853,133.33358759583342,40.012314395641866,133.33358759583345,30.477760289543166,5,5,0.0,0.0,0.0,0.9966666666666667,0.0,1.0,0.0,0.0,0.0,0.0,0.0,0.0,0.0,0.05
21,D1 LQR+VMC,randomized,142,oracle,none,constrained,f04f8d440efae5685de2555afca2ac1bf6e423c9a7be51b2af2cc9212a5d75ea,08111758dc0042e1b28b156e540ce96857b81190bec65f45933ec367c29d9ba5,a8d5789a9cc4299e8a863129ac5c7e9442a8300812b9a97b64cb1fcb05356eda,0.0,0.0,0.0,0.0,0.0,0.0,0,0,0.0,,0.9049038144441932,0.8483710141125314,1.0710901939059994,1.0421396301432335,1,600,6.0,0.14841036445153918,1.473119422310862,3.395761433189263,15.41801854206937,0.17551466054071024,44.67304902141283,0.0,0.0,0.0,0.0,0.0,0.9483333333333334,0,3.7375633499720857,0.0,2.941664149830103,3.381283469898335,1.1644313572637717e-11,49.721498773026184,4.503745784678725,43.36261352359208,7.733159304834372,65.610403969345,8.23328185147496,5,5,0.9933333333333333,0.0016666666666666668,0.0,0.06,0.005,0.0,0.0,0.0,0.0,0.0,0.0,0.0,0.0,0.04833333333333333
22,D1 LQR+VMC,randomized,143,oracle,none,legacy,79fa963c93a04ccf7842d00df394cb18aa9cd06b4a950428adbacce81db694ab,463c73fc00dae98d96320541191103fe95d178b75fd927f06e78e901cd12d6de,60d304ae1bb1dcaaad3197f1ea53b263e4f7d24bb405f8c2b2e63b435c6d9a37,0.0,0.0,0.0,0.0,0.0,0.0,0,0,0.0,,0.9909304351460378,1.2395564452287589,0.9786749919453452,0.9808594515412972,1,600,6.0,0.2655999325307011,0.9482571005829985,2.167077964804586,8.649733590195016,0.21297155932513365,75.38184741426159,0.0,0.0,0.0,0.0,0.0,0.9966666666666667,0,3.6367448114579415,0.0,0.25923944931491844,0.29932522030321707,0.0,2.078785877264622e-13,65.27762882839586,123.05585279722571,37.23405647681453,123.05585279722571,28.573981787346206,5,5,0.0,0.0,0.0,1.0,0.0,1.0,0.0,0.0,0.0,0.0,0.0,0.0,0.0,0.0033333333333333335
22,D1 LQR+VMC,randomized,143,oracle,none,constrained,79fa963c93a04ccf7842d00df394cb18aa9cd06b4a950428adbacce81db694ab,463c73fc00dae98d96320541191103fe95d178b75fd927f06e78e901cd12d6de,60d304ae1bb1dcaaad3197f1ea53b263e4f7d24bb405f8c2b2e63b435c6d9a37,0.0,0.0,0.0,0.0,0.0,0.0,0,0,0.0,,0.9909304351460378,1.2395564452287589,0.9786749919453452,0.9808594515412972,1,600,6.0,0.25652260786967324,2.5140639225315384,6.927973580525492,7.030151480399178,0.22158560598696847,62.293674733227256,0.0,0.0,0.0,0.0,0.0,0.8883333333333333,0,3.5674272328167715,0.0,2.9690519999803646,3.352534410187218,1.0952442999752356e-12,50.528427388574286,6.736302005860057,48.3961237912611,11.18550625900333,68.52857120540472,12.839500694010546,5,5,1.0,0.0,0.0,0.13166666666666665,0.0,0.0,0.0,0.0,0.0,0.0,0.0,0.0,0.0,0.11166666666666666
23,D1 LQR+VMC,randomized,144,oracle,none,legacy,d45c2bf29164fbcb855e615061848724f956e6b1d25140aaa9ab3879f96c8d3c,ec7d02beb4eb163036262ce05b52c63b0441bebd5b941895e4c924d68220570e,b02239e4e8563b51908a74158fe9913d348b71d7cf8ede5a346cba850a47cec4,0.0,0.0,0.0,0.0,0.0,0.0,0,0,0.0,,1.0744076047998323,0.8268593149472696,0.8447888207561627,0.8684242825157816,1,600,6.0,0.45980721019157933,2.255404321326084,5.956421122725744,10.383603322382202,0.2859739514486941,392.1734384073332,0.0017708333333333332,0.0,0.0,0.0,0.0,0.715,0,3.1009613524164257,0.0,0.22642250023636734,0.24694947047464663,0.15435777313814492,0.8270034121416848,65.63420149504081,152.75780927877628,45.22704769297387,152.8236724105822,32.437475558728124,5,5,0.0,0.0,0.0,1.0,0.0,1.0,0.0,0.0,0.0,0.0,0.0,0.0,0.0,0.285
23,D1 LQR+VMC,randomized,144,oracle,none,constrained,d45c2bf29164fbcb855e615061848724f956e6b1d25140aaa9ab3879f96c8d3c,ec7d02beb4eb163036262ce05b52c63b0441bebd5b941895e4c924d68220570e,b02239e4e8563b51908a74158fe9913d348b71d7cf8ede5a346cba850a47cec4,0.0,0.0,0.0,0.0,0.0,0.0,0,0,0.0,,1.0744076047998323,0.8268593149472696,0.8447888207561627,0.8684242825157816,1,600,6.0,0.2800171513698329,2.8889287598931825,5.577008284607699,10.962761988799897,0.3038049874443715,399.2569457607662,0.0240625,0.0,0.0,0.0,0.0,0.235,0,3.363175455147778,0.0,3.804728300383429,5.864498150331201,7.751461988100074e-11,115.63710188076651,16.225059778416977,96.51951944092325,26.565961884701544,151.23638000039526,28.331963928008,5,5,0.9816666666666667,0.015,0.0,0.555,0.0033333333333333335,0.0,0.0,0.0,0.0,0.0,0.0,0.0,0.0,0.7633333333333333
24,D1 LQR+VMC,randomized,145,oracle,none,legacy,fb7ce80d4627d5a68a06e355a7fddebe3b63c7cb1cdc1122a42c8084ce2a4de1,a928a4961e411582748ba78f0f3a471bfb7149c89891e66183931c146be67d66,4fc753d0ff59cfb753a1d26ae549ddd6f6127b893f2d13af9b76971eec16c74f,0.0,0.0,0.0,0.0,0.0,0.0,0,0,0.0,,1.032138722449388,0.9208704170368199,1.2157391964787247,0.8918780256418402,1,600,6.0,0.33713031934573234,1.2697398303086147,3.437764419040242,8.895739841344504,0.25222342610606835,223.82503743613526,0.0,0.0,0.0,0.0,0.0,0.9066666666666666,0,3.308338290416821,0.0,0.2627428499181405,0.3018151195101381,0.0,2.1957258580944349e-13,66.271404552125,138.99728238337943,40.24306391211345,138.99728238337943,31.000302370752273,5,5,0.0,0.0,0.0,1.0,0.0,1.0,0.0,0.0,0.0,0.0,0.0,0.0,0.0,0.09333333333333334
24,D1 LQR+VMC,randomized,145,oracle,none,constrained,fb7ce80d4627d5a68a06e355a7fddebe3b63c7cb1cdc1122a42c8084ce2a4de1,a928a4961e411582748ba78f0f3a471bfb7149c89891e66183931c146be67d66,4fc753d0ff59cfb753a1d26ae549ddd6f6127b893f2d13af9b76971eec16c74f,0.0,0.0,0.0,0.0,0.0,0.0,0,0,0.0,,1.032138722449388,0.9208704170368199,1.2157391964787247,0.8918780256418402,1,600,6.0,0.2663514136474058,2.509628657525305,5.65977505666811,12.871654638129256,0.27410461751816434,271.39252017306285,0.011354166666666667,0.0,0.0,0.0,0.0,0.5383333333333333,0,3.3640969003049666,0.0,3.171858000177962,4.7273459399093545,1.9447800491745339e-10,76.83015639467804,12.792963363575945,77.30454040991437,22.00397322120346,110.09733604348247,23.676610341455238,5,5,0.9816666666666667,0.015,0.0,0.37333333333333335,0.0033333333333333335,0.0,0.0,0.0,0.0,0.0,0.0,0.0,0.0,0.46
25,D1 LQR+VMC,randomized,146,oracle,none,legacy,fe60999412439499e313326d7db7d1d7bf8017f0bebd866464547e7db0cd2bfb,f8a78618c5037e6fdabe4891163c0101f27eea2d7a5c9f32e2e5fa7865e773fa,30bd223300312656bf1e1f2c108447c1e68e74eaef3ff7987d98c676b0d4cc64,0.0,0.0,0.0,0.0,0.0,0.0,0,0,0.0,,1.0761108894023355,0.9705705341216071,0.9262106578526572,0.917880647232726,1,600,6.0,0.5224827553944106,2.074337363160964,9.069847637693597,8.768596361006095,0.22616253085042967,121.72757061873926,0.0,0.0,0.0,0.0,0.0,0.9433333333333334,0,3.1778410945329076,0.0,0.2382953999131132,0.2678479502446862,0.0,10.630952955961197,65.47876451111613,130.44187294413805,39.2780343655512,131.1875323226315,29.69508844837715,5,5,0.0,0.0,0.0,1.0,0.0,1.0,0.0,0.0,0.0,0.0,0.0,0.0,0.0,0.056666666666666664
25,D1 LQR+VMC,randomized,146,oracle,none,constrained,fe60999412439499e313326d7db7d1d7bf8017f0bebd866464547e7db0cd2bfb,f8a78618c5037e6fdabe4891163c0101f27eea2d7a5c9f32e2e5fa7865e773fa,30bd223300312656bf1e1f2c108447c1e68e74eaef3ff7987d98c676b0d4cc64,0.0,0.0,0.0,0.0,0.0,0.0,0,0,0.0,,1.0761108894023355,0.9705705341216071,0.9262106578526572,0.917880647232726,1,600,6.0,0.3927500455634022,3.0123867895382155,5.742412437209695,11.502716852146914,0.24765101566716993,128.1999139775528,0.0,0.0,0.0,0.0,0.0,0.815,0,3.1768592842343173,0.0,3.1476819495765076,3.764975299982324,1.4664722225897206e-11,43.75376137783239,5.979007935431145,58.8502819291687,15.181608193506687,75.51095389608597,15.746944072101478,5,5,0.9966666666666667,0.0033333333333333335,0.0,0.16833333333333333,0.0,0.0,0.0,0.0,0.0,0.0,0.0,0.0,0.0,0.185
26,D1 LQR+VMC,randomized,147,oracle,none,legacy,3a15e6d18f04a4d7695a649049e9fd39b4d68d6896986c47cb0ce2983bde40f6,b3e8d1cd4c6f8250ee9ad07e957ef1df79003e8fadcc56cc33749ba2f4ff969e,d34ff5d0f531442aa63425bb7e6e1dd167a27e7378cae21d9e4dce8220a14e69,0.0,0.0,0.0,0.0,0.0,0.0,0,0,0.0,,1.11768706988836,1.1519535828852017,1.0614676383973065,0.9600221712091143,1,600,6.0,0.28599115404188746,0.9531501510169397,2.0688038900921106,9.329709133279312,0.22124693494718775,85.05746668250805,0.0,0.0,0.0,0.0,0.0,0.995,0,3.3931789118682847,0.0,0.2867619497465057,0.3229412602649971,0.0,2.02804208497724e-13,64.88310930874587,127.72903776189438,37.30188847372515,127.72903776189439,28.6042270178331,5,5,0.0,0.0,0.0,0.9983333333333333,0.0,1.0,0.0,0.0,0.0,0.0,0.0,0.0,0.0,0.005
26,D1 LQR+VMC,randomized,147,oracle,none,constrained,3a15e6d18f04a4d7695a649049e9fd39b4d68d6896986c47cb0ce2983bde40f6,b3e8d1cd4c6f8250ee9ad07e957ef1df79003e8fadcc56cc33749ba2f4ff969e,d34ff5d0f531442aa63425bb7e6e1dd167a27e7378cae21d9e4dce8220a14e69,0.0,0.0,0.0,0.0,0.0,0.0,0,0,0.0,,1.11768706988836,1.1519535828852017,1.0614676383973065,0.9600221712091143,1,600,6.0,0.27078656362153997,2.626938269245264,5.586127143204922,16.453057518696554,0.23091592220996085,69.76964709010318,0.0,0.0,0.0,0.0,0.0,0.9333333333333333,0,3.2693416379415523,0.0,3.158951799650822,3.715773200183321,6.89617053192626e-14,45.615946891289894,4.299063954960514,57.79691824287011,12.540299844035246,71.48788605527136,13.4171184708066,5,5,0.9966666666666667,0.0,0.0,0.09166666666666666,0.0033333333333333335,0.0,0.0,0.0,0.0,0.0,0.0,0.0,0.0,0.065
27,D1 LQR+VMC,randomized,148,oracle,none,legacy,1969e17f4cdf659c2e7642ae14c311c2c0934d9a484ae8076c2da89ac8186ad9,36ad57737e4ba00dce497eae4b2a44ad34aa7b4dfecd8a7e8a0dce18adefab21,9602cabcb60ace23c8bdc0e2e58025062580c0a335d966d77800125e0917f1c7,0.0,0.0,0.0,0.0,0.0,0.0,0,0,0.0,,1.0402388344614464,1.0474852137614152,1.130122177440941,0.9840954979980934,1,600,6.0,0.3606239166177774,1.6550187625969697,6.079226269105416,12.875583034332603,0.21386937102764014,107.71217861738171,0.0,0.0,0.0,0.0,0.0,0.9583333333333334,0,3.372001212100426,0.0,0.2552401999309949,0.28942727011781244,0.0,3.2246833262898478,66.14977751586831,128.31904794022628,39.13600643424887,128.46049606555673,29.20011363976364,5,5,0.0,0.0,0.0,1.0,0.0,1.0,0.0,0.0,0.0,0.0,0.0,0.0,0.0,0.041666666666666664
27,D1 LQR+VMC,randomized,148,oracle,none,constrained,1969e17f4cdf659c2e7642ae14c311c2c0934d9a484ae8076c2da89ac8186ad9,36ad57737e4ba00dce497eae4b2a44ad34aa7b4dfecd8a7e8a0dce18adefab21,9602cabcb60ace23c8bdc0e2e58025062580c0a335d966d77800125e0917f1c7,0.0,0.0,0.0,0.0,0.0,0.0,0,0,0.0,,1.0402388344614464,1.0474852137614152,1.130122177440941,0.9840954979980934,1,600,6.0,0.2422437779412817,2.4909644542709275,5.920630079558816,11.831446102705804,0.21173736330110116,61.67169850285456,0.0,0.0,0.0,0.0,0.0,0.8816666666666667,0,3.474437695094917,0.0,3.0181335994257097,3.3747298905291236,1.9780558392960165e-13,53.56890085067003,6.959255529428497,50.543361451798404,12.191760828275882,75.35713065445502,13.389189913398148,5,5,1.0,0.0,0.0,0.15166666666666667,0.0,0.0,0.0,0.0,0.0,0.0,0.0,0.0,0.0,0.11833333333333333
28,D1 LQR+VMC,randomized,149,oracle,none,legacy,dcd3737413c1060651ade4b19d3faa71591e54f1ec9c252f3580da310352a02e,5890120f9c3a945fee0fc3d3c7df412320de7e8ad9405442262a6f7e9c68575f,804fe5ba38a1e9fdef1784183dfaecaa8f0a6e3a9730ba1e0cb2d3a0b4dd5438,0.0,0.0,0.0,0.0,0.0,0.0,0,0,0.0,,0.9180456539681073,0.9174989713286356,0.7940223325506199,0.9976903932111862,1,600,6.0,0.3593325299287097,1.993254576209196,5.036493917906945,8.642677222098317,0.2817929732913099,399.40978975777574,0.0,0.0,0.0,0.0,0.0,0.6316666666666667,0,3.3884824234850495,0.0,0.23971379982867802,0.25662991019999026,0.0,2.3858604383579685e-13,66.5680610117771,155.07459782914265,46.27824418636083,155.07459782914265,33.149888615859105,5,5,0.0,0.0,0.0,1.0,0.0,1.0,0.0,0.0,0.0,0.0,0.0,0.0,0.0,0.36666666666666664
28,D1 LQR+VMC,randomized,149,oracle,none,constrained,dcd3737413c1060651ade4b19d3faa71591e54f1ec9c252f3580da310352a02e,5890120f9c3a945fee0fc3d3c7df412320de7e8ad9405442262a6f7e9c68575f,804fe5ba38a1e9fdef1784183dfaecaa8f0a6e3a9730ba1e0cb2d3a0b4dd5438,0.0,0.0,0.0,0.0,0.0,0.0,0,0,0.0,,0.9180456539681073,0.9174989713286356,0.7940223325506199,0.9976903932111862,1,600,6.0,0.1808248544397582,1.7407692896066282,5.276098297042471,12.899891750682976,0.19042385847136187,40.960235339266696,0.0,0.0,0.0,0.0,0.0,0.9266666666666666,0,3.7444166809864305,0.0,3.3133202997305475,5.331664800633006,9.720511396485831e-14,52.48963746631482,3.434083932210781,41.95853139925149,7.547327764403578,63.12657962752323,8.47415158946855,5,5,0.9933333333333333,0.0,0.0,0.058333333333333334,0.006666666666666667,0.0,0.0,0.0,0.0,0.0,0.0,0.0,0.0,0.06833333333333333
29,D1 LQR+VMC,randomized,150,oracle,none,legacy,bc992c5a2a657b5aad63cffe71a4ed6a08d7ce99baf858b99e9a376956f08fec,7e56980219563b71e271c8c26d045d414b38c2796bf4350f693550f6eee0f00e,7b4f1083faa4d8d36e184da139dc0b28a4fc37db1636db9b72245f28f1f32287,0.0,0.0,0.0,0.0,0.0,0.0,0,0,0.0,,0.9010608496924545,1.2188541579664647,1.1599784371381194,0.9168649918548842,1,600,6.0,0.24862018225529944,0.8779507059701722,2.371235895177122,13.024837033759946,0.20898691280533416,77.95988211170577,0.0,0.0,0.0,0.0,0.0,0.9883333333333333,0,3.514867511643909,0.0,0.2609195501008798,0.2968096198401326,0.0,2.007160209574987e-13,65.71480527021343,125.0363018395714,37.744532867409646,125.03630183957138,28.84188437421517,5,5,0.0,0.0,0.0,1.0,0.0,1.0,0.0,0.0,0.0,0.0,0.0,0.0,0.0,0.01
29,D1 LQR+VMC,randomized,150,oracle,none,constrained,bc992c5a2a657b5aad63cffe71a4ed6a08d7ce99baf858b99e9a376956f08fec,7e56980219563b71e271c8c26d045d414b38c2796bf4350f693550f6eee0f00e,7b4f1083faa4d8d36e184da139dc0b28a4fc37db1636db9b72245f28f1f32287,0.0,0.0,0.0,0.0,0.0,0.0,0,0,0.0,,0.9010608496924545,1.2188541579664647,1.1599784371381194,0.9168649918548842,1,600,6.0,0.21736100285361448,2.0880251453484844,4.00317488390461,11.889636949262373,0.21804359544543792,72.99501007711496,0.00010416666666666667,0.0,0.0,0.0,0.0,0.6816666666666666,0,3.557038416019086,0.0,2.8405465496689426,3.093633730168221,6.22107056326236e-13,67.6569963005817,7.130555019005141,52.61857064427816,11.01949612641811,87.4088997681508,11.765027447585764,5,5,0.995,0.0,0.0,0.18,0.005,0.0,0.0,0.0,0.0,0.0,0.0,0.0,0.0,0.315
