case_id,actor,seed,controls,task_passed,failure_reasons,safety_passed,final_window_passed,ramp_geometry_passed,mean_com_vx_mps,hold_vx_rms_mps,ticks_above_1p5_of_400,yaw_hold_rms_rps,drive_sse,normalized_torque_squared_cost_sum,brake_time_s,brake_max_forward_excursion_m
flat_0p6,zero,151101,1600,True,,True,True,,0.6058500584763832,0.007248223726104766,0,,2.357431942831454,11.219842509582286,1.4000000000000001,0.3965095340332354
flat_0p6,global_continue,151101,1600,True,,True,True,,0.6194183022020057,0.019820535862492616,0,,3.901824063151987,12.981860250292844,1.4000000000000001,0.39992435529368375
flat_0p6,grouped_continue,151101,1600,True,,True,True,,0.6127685489071859,0.01333380843255076,0,,2.663111432830894,11.946533802902147,1.4000000000000001,0.40112153860255706
flat_1p6,zero,151102,1600,True,,True,True,,1.6108069836338392,0.012400630725358195,400,,3.8410527805543215,19.48369874534053,3.38,2.638335514859266
flat_1p6,global_continue,151102,1600,True,,True,True,,1.6297060598207287,0.0308320986954105,400,,7.80568671462022,25.706657896280184,3.37,2.6256061555968646
flat_1p6,grouped_continue,151102,1600,True,,True,True,,1.6105898513150276,0.014046231576356476,400,,3.401366651043617,25.655434770519157,3.38,2.6277973772063987
flat_1p2_yaw,zero,151103,1600,True,,True,True,,1.2085556381499771,0.010460254593235813,0,0.11377547847060276,35.73006141287536,18.289936190723637,2.58,1.4992174699900715
flat_1p2_yaw,global_continue,151103,1600,False,yaw: yaw rate RMS error 0.12466549726654089 rad/s exceeds 0.12,True,True,,1.2229468658000502,0.02472556866362325,0,0.12466549726654089,44.22710180239455,22.08141665275194,2.58,1.5117898174560054
flat_1p2_yaw,grouped_continue,151103,1600,False,yaw: yaw rate RMS error 0.13036746766567778 rad/s exceeds 0.12,True,True,,1.2115494020307922,0.012561653294878834,0,0.13036746766567778,45.4224114256466,22.146612498948393,2.58,1.4989726522204556
bumps_0p4,zero,151104,1600,True,,True,True,,0.4006468351109031,0.02553785745507599,0,,5.691956349631844,10.868493162597485,1.01,0.18407948077003145
bumps_0p4,global_continue,151104,1600,True,,True,True,,0.41210199736140374,0.028357867659343422,0,,7.046873825280555,12.0904488812751,1.06,0.19325468284748215
bumps_0p4,grouped_continue,151104,1600,True,,True,True,,0.40820086025458735,0.02677764847941899,0,,6.482910829684541,11.297688422283962,1.02,0.1886072750823482
rough_0p35,zero,151105,1600,True,,True,True,,0.3441949570701175,0.04293215813877128,0,,19.44847228004519,12.680126946472381,0.9,0.13593047654300383
rough_0p35,global_continue,151105,1600,True,,True,True,,0.35904655367784577,0.04882887753406943,0,,26.085464892618408,13.413352496821213,0.93,0.14911597247913422
rough_0p35,grouped_continue,151105,1600,True,,True,True,,0.3520868476630251,0.0428559194306657,0,,20.02627490106109,13.000590012569136,1.22,0.1670203376103716
ramp_0p45_complete,zero,151106,1800,False,speed: hold COM vx RMS error 0.05025548850763067 m/s exceeds 0.05 | speed: hold mean COM vx 0.49719613249187566 m/s outside target 0.45 +/- 0.04,True,True,True,0.49719613249187566,0.05025548850763067,0,,36.353022657809056,29.427175931039088,1.1,0.22667513755205793
ramp_0p45_complete,global_continue,151106,1800,False,speed: hold COM vx RMS error 0.06915876796032416 m/s exceeds 0.05 | speed: hold mean COM vx 0.5166333847571122 m/s outside target 0.45 +/- 0.04,True,True,True,0.5166333847571122,0.06915876796032416,0,,48.14744592881932,38.65185690429523,1.1,0.2256208839549334
ramp_0p45_complete,grouped_continue,151106,1800,False,speed: hold COM vx RMS error 0.062368568044230605 m/s exceeds 0.05 | speed: hold mean COM vx 0.510070419136454 m/s outside target 0.45 +/- 0.04,True,True,True,0.510070419136454,0.062368568044230605,0,,41.501162841996766,34.776564305331,1.1,0.22963576240603079
